id,name,zip_code,id_county
1,Aba,8128,1
2,Aba,8127,1
3,Abádszalók,5241,2
4,Abaliget,7678,3
5,Abasár,3261,4
6,Abaújalpár,3882,5
7,Abaújkér,3882,5
8,Abaújlak,3815,5
9,Abaújszántó,3881,5
10,Abaújszolnok,3809,5
11,Abaújvár,3898,5
12,Abda,9151,6
13,Abod,3753,5
14,Abony,2740,7
15,Ábrahámhegy,8256,8
16,Ács,2941,9
17,Acsa,2683,7
18,Acsád,9746,10
19,Acsalag,9168,6
20,Ácsteszér,2887,9
21,Adács,3292,4
22,Ádánd,8653,11
23,Adásztevel,8561,8
24,Adony,2457,1
25,Adorjánháza,8497,8
26,Adorjás,7841,3
27,Ág,7381,3
28,Ágasegyháza,6076,12
29,Ágfalva,9423,6
30,Aggtelek,3759,5
31,Agyagosszergény,9441,6
32,Ajak,4524,13
33,Ajka,8447,8
34,Ajka,8448,8
35,Ajka,8451,8
36,Ajka,8400,8
37,Aka,2862,9
38,Akasztó,6221,12
39,Alacska,3779,5
40,Alap,7011,1
41,Alattyán,5142,2
42,Albertirsa,2730,7
43,Alcsútdoboz,8087,1
44,Aldebrő,3353,4
45,Algyő,6750,14
46,Alibánfa,8921,15
47,Almamellék,7934,3
48,Almásfüzitő,2931,9
49,Almásháza,8935,15
50,Almáskamarás,5747,16
51,Almáskeresztúr,7932,3
52,Álmosd,4285,17
53,Alsóberecki,3985,5
54,Alsóbogát,7443,11
55,Alsódobsza,3717,5
56,Alsógagy,3837,5
57,Alsómocsolád,7345,3
58,Alsónána,7147,18
59,Alsónémedi,2351,7
60,Alsónemesapáti,8924,15
61,Alsónyék,7148,18
62,Alsóörs,8226,8
63,Alsópáhok,8394,15
64,Alsópetény,2617,19
65,Alsórajk,8767,15
66,Alsóregmec,3989,5
67,Alsószenterzsébet,8973,15
68,Alsószentiván,7012,1
69,Alsószentmárton,7826,3
70,Alsószölnök,9983,10
71,Alsószuha,3726,5
72,Alsótelekes,3735,5
73,Alsótold,3069,19
74,Alsóújlak,9842,10
75,Alsóvadász,3811,5
76,Alsózsolca,3571,5
77,Ambrózfalva,6916,14
78,Anarcs,4546,13
79,Andocs,8675,11
80,Andornaktálya,3399,4
81,Andrásfa,9811,10
82,Annavölgy,2529,9
83,Apácatorna,8477,8
84,Apagy,4553,13
85,Apaj,2345,7
86,Aparhant,7186,18
87,Apátfalva,6931,14
88,Apátistvánfalva,9982,10
89,Apátvarasd,7720,3
90,Apc,3032,4
91,Áporka,2338,7
92,Apostag,6088,12
93,Aranyosapáti,4634,13
94,Aranyosgadány,7671,3
95,Arka,3885,5
96,Arló,3663,5
97,Arnót,3713,5
98,Ároktő,3467,5
99,Árpádhalom,6623,14
100,Árpás,9132,6
101,Ártánd,4115,17
102,Ásotthalom,6783,14
103,Ásványráró,9177,6
104,Aszaló,3841,5
105,Aszód,2170,7
106,Aszófő,8241,8
107,Áta,7763,3
108,Átány,3371,4
109,Atkár,3213,4
110,Attala,7252,18
111,Babarc,7757,3
112,Babarcszőlős,7814,3
113,Babócsa,7584,11
114,Bábolna,2943,9
115,Bábonymegyer,8658,11
116,Babosdöbréte,8983,15
117,Babót,9351,6
118,Bácsalmás,6430,12
119,Bácsbokod,6453,12
120,Bácsborsód,6454,12
121,Bácsszentgyörgy,6511,12
122,Bácsszőlős,6425,12
123,Badacsonytomaj,8261,8
124,Badacsonytomaj,8257,8
125,Badacsonytomaj,8258,8
126,Badacsonytördemic,8262,8
127,Badacsonytördemic,8263,8
128,Bag,2191,7
129,Bagamér,4286,17
130,Baglad,8977,15
131,Bagod,8992,15
132,Bágyogszovát,9145,6
133,Baj,2836,9
134,Baja,6503,12
135,Baja,6500,12
136,Bajánsenye,9944,10
137,Bajna,2525,9
138,Bajót,2533,9
139,Bak,8945,15
140,Bakháza,7585,11
141,Bakóca,7393,3
142,Bakonszeg,4164,17
143,Bakonya,7675,3
144,Bakonybánk,2885,9
145,Bakonybél,8427,8
146,Bakonycsernye,8056,1
147,Bakonygyirót,8433,8
148,Bakonyjákó,8581,8
149,Bakonykoppány,8571,8
150,Bakonykúti,8045,1
151,Bakonynána,8422,8
152,Bakonyoszlop,8418,8
153,Bakonypéterd,9088,6
154,Bakonypölöske,8457,8
155,Bakonyság,8557,8
156,Bakonysárkány,2861,9
157,Bakonyszentiván,8557,8
158,Bakonyszentkirály,8430,8
159,Bakonyszentlászló,8431,8
160,Bakonyszombathely,2884,9
161,Bakonyszücs,8572,8
162,Bakonytamási,8555,8
163,Baks,6768,14
164,Baksa,7834,3
165,Baktakék,3836,5
166,Baktalórántháza,4561,13
167,Baktüttös,8946,15
168,Balajt,3780,5
169,Balassagyarmat,2660,19
170,Balástya,6764,14
171,Balaton,3347,4
172,Balatonakali,8243,8
173,Balatonalmádi,8220,8
174,Balatonberény,8649,11
175,Balatonboglár,8691,11
176,Balatonboglár,8630,11
177,Balatoncsicsó,8272,8
178,Balatonederics,8312,8
179,Balatonendréd,8613,11
180,Balatonfenyves,8646,11
181,Balatonfőkajár,8164,8
182,Balatonföldvár,8623,11
183,Balatonfüred,8236,8
184,Balatonfüred,8230,8
185,Balatonfűzfő,8184,8
186,Balatonfűzfő,8175,8
187,Balatongyörök,8313,15
188,Balatonhenye,8275,8
189,Balatonkenese,8172,8
190,Balatonkenese,8174,8
191,Balatonkeresztúr,8648,11
192,Balatonlelle,8638,11
193,Balatonmagyaród,8753,15
194,Balatonmáriafürdő,8647,11
195,Balatonőszöd,8637,11
196,Balatonrendes,8255,8
197,Balatonszabadi,8651,11
198,Balatonszárszó,8624,11
199,Balatonszemes,8636,11
200,Balatonszentgyörgy,8710,11
201,Balatonszepezd,8252,8
202,Balatonszőlős,8233,8
203,Balatonudvari,8242,8
204,Balatonújlak,8712,11
205,Balatonvilágos,8171,8
206,Balinka,8054,1
207,Balinka,8055,1
208,Balkány,4233,13
209,Ballószög,6035,12
210,Balmazújváros,4060,17
211,Balogunyom,9771,10
212,Balotaszállás,6412,12
213,Balsa,4468,13
214,Bálványos,8614,11
215,Bana,2944,9
216,Bánd,8443,8
217,Bánfa,7914,3
218,Bánhorváti,3642,5
219,Bánk,2653,19
220,Bánokszentgyörgy,8891,15
221,Bánréve,3654,5
222,Bár,7711,3
223,Barabás,4937,13
224,Baracs,2427,1
225,Baracs,2426,1
226,Baracska,2471,1
227,Báránd,4161,17
228,Baranyahidvég,7841,3
229,Baranyajenő,7384,3
230,Baranyaszentgyörgy,7383,3
231,Barbacs,9169,6
232,Barcs,7557,11
233,Barcs,7570,11
234,Bárdudvarnok,7478,11
235,Barlahida,8948,15
236,Bárna,3126,19
237,Barnag,8291,8
238,Bársonyos,2883,9
239,Basal,7923,3
240,Baskó,3881,5
241,Báta,7149,18
242,Bátaapáti,7164,18
243,Bátaszék,7140,18
244,Baté,7258,11
245,Bátmonostor,6528,12
246,Bátonyterenye,3078,19
247,Bátonyterenye,3070,19
248,Bátonyterenye,3151,19
249,Bátor,3336,4
250,Bátorliget,4343,13
251,Battonya,5830,16
252,Bátya,6351,12
253,Batyk,8797,15
254,Bázakerettye,8887,15
255,Bazsi,8352,8
256,Béb,8565,8
257,Becsehely,8866,15
258,Becske,2693,19
259,Becskeháza,3768,5
260,Becsvölgye,8985,15
261,Bedegkér,8666,11
262,Bedő,4128,17
263,Bejcgyertyános,9683,10
264,Békás,8515,8
265,Bekecs,3903,5
266,Békés,5630,16
267,Békéscsaba,5623,16
268,Békéscsaba,5671,16
269,Békéscsaba,5600,16
270,Békéssámson,5946,16
271,Békésszentandrás,5561,16
272,Bekölce,3343,4
273,Bélapátfalva,3346,4
274,Bélavár,7589,11
275,Belecska,7061,18
276,Beled,9343,6
277,Beleg,7543,11
278,Belezna,8855,15
279,Bélmegyer,5643,16
280,Beloiannisz,2455,1
281,Belsősárd,8978,15
282,Belvárdgyula,7747,3
283,Benk,4643,13
284,Bénye,2216,7
285,Bér,3045,19
286,Bérbaltavár,9831,10
287,Bercel,2687,19
288,Beregdaróc,4934,13
289,Beregsurány,4933,13
290,Berekböszörmény,4116,17
291,Berekfürdő,5309,2
292,Beremend,7827,3
293,Berente,3704,5
294,Beret,3834,5
295,Berettyóújfalu,4103,17
296,Berettyóújfalu,4100,17
297,Berhida,8182,8
298,Berhida,8181,8
299,Berkenye,2641,19
300,Berkesd,7664,3
301,Berkesz,4521,13
302,Bernecebaráti,2639,7
303,Berzék,3575,5
304,Berzence,7516,11
305,Besence,7838,3
306,Besenyőd,4557,13
307,Besenyőtelek,3373,4
308,Besenyszög,5071,2
309,Besnyő,2456,1
310,Beszterec,4488,13
311,Bezedek,7782,3
312,Bezenye,9223,6
313,Bezeréd,8934,15
314,Bezi,9162,6
315,Biatorbágy,2051,7
316,Bicsérd,7671,3
317,Bicske,2060,1
318,Bihardancsháza,4175,17
319,Biharkeresztes,4110,17
320,Biharnagybajom,4172,17
321,Bihartorda,4174,17
322,Biharugra,5538,16
323,Bikács,7043,18
324,Bikal,7346,3
325,Biri,4235,13
326,Birján,7747,3
327,Bisse,7811,3
328,Bő,9625,10
329,Boba,9542,15
330,Bocfölde,8943,4
331,Boconád,3368,12
332,Bőcs,3574,15
333,Bócsa,6235,17
334,Bocska,8776,3
335,Bocskaikert,4241,1
336,Boda,7672,1
337,Bodajk,8053,3
338,Böde,8991,6
339,Bödeháza,8969,4
340,Bodmér,8085,8
341,Bodolyabér,7394,11
342,Bodonhely,9134,5
343,Bodony,3243,5
344,Bodorfa,8471,5
345,Bodrog,7439,5
346,Bodroghalom,3987,5
347,Bodrogkeresztúr,3916,5
348,Bodrogkisfalud,3917,5
349,Bodrogolaszi,3943,5
350,Bódvalenke,3768,3
351,Bódvarákó,3764,3
352,Bódvaszilas,3763,3
353,Bogács,3412,18
354,Bogád,7742,6
355,Bogádmindszent,7836,17
356,Bogdása,7966,15
357,Bögöt,9612,9
358,Bögöte,9675,19
359,Bogyiszló,7132,4
360,Bogyoszló,9324,3
361,Böhönye,8719,5
362,Bojt,4114,5
363,Bókaháza,8741,5
364,Bokod,2855,11
365,Bököny,4231,11
366,Bokor,3066,3
367,Bölcske,7025,15
368,Boldog,3016,11
369,Boldogasszonyfa,7937,18
370,Boldogkőújfalu,3884,18
371,Boldogkőváralja,3885,18
372,Boldva,3794,14
373,Bolhás,7517,10
374,Bolhó,7586,3
375,Bóly,7754,12
376,Boncodfölde,8992,15
377,Bonnya,7281,5
378,Bőny,9073,5
379,Bonyhád,7187,5
380,Bonyhád,7150,5
381,Bonyhádvarasd,7158,5
382,Börcs,9152,5
383,Bordány,6795,5
384,Borgáta,9554,19
385,Borjád,7756,8
386,Borota,6445,8
387,Borsfa,8885,3
388,Borsodbóta,3658,13
389,Borsodgeszt,3426,3
390,Borsodivánka,3462,10
391,Borsodnádasd,3672,10
392,Borsodnádasd,3671,5
393,Borsodszentgyörgy,3623,10
394,Borsodszirák,3796,5
395,Borsosberény,2644,15
396,Borszörcsök,8479,15
397,Borzavár,8428,10
398,Börzönce,8772,10
399,Bősárkány,9167,11
400,Bosta,7811,13
401,Bőszénfa,7475,18
402,Botpalád,4955,6
403,Botykapeterd,7900,6
404,Bozsok,9727,15
405,Bózsva,3994,6
406,Bozzai,9752,11
407,Bucsa,5527,16
408,Bucsu,9792,10
409,Bucsuszentlászló,8925,15
410,Bucsuta,8893,15
411,Budajenő,2093,7
412,Budakalász,2011,7
413,Budakeszi,2092,7
414,Budaörs,2040,7
415,Budapest,1069,7
416,Budapest,1011,7
417,Budapest,1012,7
418,Budapest,1013,7
419,Budapest,1014,7
420,Budapest,1015,7
421,Budapest,1016,7
422,Budapest,1021,7
423,Budapest,1022,7
424,Budapest,1023,7
425,Budapest,1024,7
426,Budapest,1025,7
427,Budapest,1026,7
428,Budapest,1027,7
429,Budapest,1028,7
430,Budapest,1029,7
431,Budapest,1031,7
432,Budapest,1032,7
433,Budapest,1033,7
434,Budapest,1034,7
435,Budapest,1035,7
436,Budapest,1036,7
437,Budapest,1037,7
438,Budapest,1038,7
439,Budapest,1039,7
440,Budapest,1041,7
441,Budapest,1042,7
442,Budapest,1043,7
443,Budapest,1044,7
444,Budapest,1045,7
445,Budapest,1046,7
446,Budapest,1047,7
447,Budapest,1048,7
448,Budapest,1051,7
449,Budapest,1052,7
450,Budapest,1053,7
451,Budapest,1054,7
452,Budapest,1055,7
453,Budapest,1056,7
454,Budapest,1061,7
455,Budapest,1062,7
456,Budapest,1063,7
457,Budapest,1064,7
458,Budapest,1065,7
459,Budapest,1066,7
460,Budapest,1067,7
461,Budapest,1068,7
462,Budapest,1071,7
463,Budapest,1072,7
464,Budapest,1073,7
465,Budapest,1074,7
466,Budapest,1075,7
467,Budapest,1076,7
468,Budapest,1077,7
469,Budapest,1078,7
470,Budapest,1081,7
471,Budapest,1082,7
472,Budapest,1083,7
473,Budapest,1084,7
474,Budapest,1085,7
475,Budapest,1086,7
476,Budapest,1087,7
477,Budapest,1088,7
478,Budapest,1089,7
479,Budapest,1091,7
480,Budapest,1092,7
481,Budapest,1093,7
482,Budapest,1094,7
483,Budapest,1095,7
484,Budapest,1096,7
485,Budapest,1097,7
486,Budapest,1098,7
487,Budapest,1101,7
488,Budapest,1102,7
489,Budapest,1103,7
490,Budapest,1104,7
491,Budapest,1105,7
492,Budapest,1106,7
493,Budapest,1107,7
494,Budapest,1108,7
495,Budapest,1111,7
496,Budapest,1112,7
497,Budapest,1113,7
498,Budapest,1114,7
499,Budapest,1115,7
500,Budapest,1116,7
501,Budapest,1117,7
502,Budapest,1118,7
503,Budapest,1119,7
504,Budapest,1121,7
505,Budapest,1122,7
506,Budapest,1123,7
507,Budapest,1124,7
508,Budapest,1125,7
509,Budapest,1126,7
510,Budapest,1131,7
511,Budapest,1132,7
512,Budapest,1133,7
513,Budapest,1134,7
514,Budapest,1135,7
515,Budapest,1136,7
516,Budapest,1137,7
517,Budapest,1138,7
518,Budapest,1139,7
519,Budapest,1141,7
520,Budapest,1142,7
521,Budapest,1143,7
522,Budapest,1144,7
523,Budapest,1145,7
524,Budapest,1146,7
525,Budapest,1147,7
526,Budapest,1148,7
527,Budapest,1149,7
528,Budapest,1151,7
529,Budapest,1152,7
530,Budapest,1153,7
531,Budapest,1154,7
532,Budapest,1155,7
533,Budapest,1156,7
534,Budapest,1157,7
535,Budapest,1158,7
536,Budapest,1161,7
537,Budapest,1162,7
538,Budapest,1163,7
539,Budapest,1164,7
540,Budapest,1165,7
541,Budapest,1171,7
542,Budapest,1172,7
543,Budapest,1173,7
544,Budapest,1174,7
545,Budapest,1181,7
546,Budapest,1182,7
547,Budapest,1183,7
548,Budapest,1184,7
549,Budapest,1185,7
550,Budapest,1186,7
551,Budapest,1188,7
552,Budapest,1191,7
553,Budapest,1192,7
554,Budapest,1193,7
555,Budapest,1194,7
556,Budapest,1195,7
557,Budapest,1196,7
558,Budapest,1201,7
559,Budapest,1202,7
560,Budapest,1203,7
561,Budapest,1204,7
562,Budapest,1205,7
563,Budapest,1211,7
564,Budapest,1212,7
565,Budapest,1213,7
566,Budapest,1214,7
567,Budapest,1215,7
568,Budapest,1221,7
569,Budapest,1222,7
570,Budapest,1223,7
571,Budapest,1224,7
572,Budapest,1225,7
573,Budapest,1237,7
574,Budapest,1238,7
575,Budapest,1239,7
576,Budapest,1529,7
577,Bugac,6114,12
578,Bugacpusztaháza,6114,12
579,Bugyi,2347,7
580,Buj,4483,13
581,Buják,3047,19
582,Bük,9740,11
583,Bük,9737,10
584,Bükkábrány,3422,10
585,Bükkaranyos,3554,5
586,Bükkmogyorósd,3648,5
587,Bükkösd,7682,5
588,Bükkszék,3335,3
589,Bükkszenterzsébet,3257,4
590,Bükkszentkereszt,3557,4
591,Bükkszentmárton,3346,5
592,Bükkzsérc,3414,4
593,Bürüs,7973,5
594,Büssü,7273,3
595,Büttös,3821,11
596,Buzsák,8695,5
597,Cák,9725,10
598,Cakóháza,9165,6
599,Cece,7013,1
600,Cégénydányád,4732,13
601,Cegléd,2738,7
602,Cegléd,2700,7
603,Ceglédbercel,2737,7
604,Celldömölk,9541,10
605,Celldömölk,9500,10
606,Cered,3123,19
607,Chernelházadamonya,9624,10
608,Cibakháza,5462,2
609,Cigánd,3973,5
610,Cikó,7161,18
611,Cirák,9364,6
612,Csabacsűd,5551,16
613,Csabaszabadi,5609,16
614,Csabdi,2064,1
615,Csabrendek,8474,8
616,Csáfordjánosfa,9375,6
617,Csaholc,4967,13
618,Csajág,8163,8
619,Csákány,8735,11
620,Csákánydoroszló,9919,10
621,Csákberény,8073,1
622,Csákvár,8083,1
623,Csanádalberti,6915,14
624,Csanádapáca,5662,16
625,Csanádpalota,6913,14
626,Csánig,9654,10
627,Csány,3015,4
628,Csányoszró,7964,3
629,Csanytelek,6647,14
630,Csapi,8756,15
631,Csapod,9372,6
632,Csárdaszállás,5621,16
633,Csarnóta,7811,3
634,Csaroda,4844,13
635,Császár,2858,9
636,Császártöltés,6239,12
637,Császló,4973,13
638,Csátalja,6523,12
639,Csatár,8943,15
640,Csataszög,5064,2
641,Csatka,2888,9
642,Csávoly,6448,12
643,Csebény,7935,3
644,Csécse,3052,19
645,Csegöld,4742,13
646,Csehbánya,8445,8
647,Csehi,9833,10
648,Csehimindszent,9834,10
649,Csém,2949,9
650,Csemő,2713,7
651,Csempeszkopács,9764,10
652,Csengele,6765,14
653,Csenger,4765,13
654,Csengersima,4743,13
655,Csengerújfalu,4764,13
656,Csengőd,6222,12
657,Csénye,9611,10
658,Csenyéte,3837,5
659,Csép,2946,9
660,Csépa,5475,2
661,Csepreg,9735,10
662,Csér,9375,6
663,Cserdi,7683,3
664,Cserénfa,7472,11
665,Cserépfalu,3413,5
666,Cserépváralja,3417,5
667,Cserháthaláp,2694,19
668,Cserhátsurány,2676,19
669,Cserhátszentiván,3066,19
670,Cserkeszőlő,5465,2
671,Cserkút,7673,3
672,Csernely,3648,5
673,Cserszegtomaj,8372,15
674,Csertalakos,8951,15
675,Csertő,7900,3
676,Csesznek,8419,8
677,Csesztreg,8973,15
678,Csesztve,2678,19
679,Csetény,8417,8
680,Csévharaszt,2212,7
681,Csibrák,7225,18
682,Csikéria,6424,12
683,Csikóstőttős,7341,18
684,Csikvánd,9127,6
685,Csincse,3442,5
686,Csipkerek,9836,10
687,Csitár,2673,19
688,Csobád,3848,5
689,Csobaj,3927,5
690,Csobánka,2014,7
691,Csöde,8999,1
692,Csögle,8495,11
693,Csókakő,8074,5
694,Csökmő,4145,9
695,Csököly,7526,12
696,Csokonyavisonta,7555,11
697,Csokvaomány,3647,7
698,Csolnok,2521,11
699,Csólyospálos,6135,14
700,Csoma,7253,14
701,Csomád,2161,15
702,Csombárd,7432,3
703,Csömend,8700,8
704,Csömödér,8957,1
705,Csömör,2141,6
706,Csönge,9513,16
707,Csongrád,6648,8
708,Csongrád,6640,15
709,Csonkahegyhát,8918,8
710,Csonkamindszent,7940,17
711,Csopak,8229,11
712,Csór,8041,11
713,Csorna,9300,15
714,Csörnyeföld,8873,7
715,Csörötnek,9962,10
716,Csorvás,5920,15
717,Csősz,8122,10
718,Csót,8558,1
719,Csővár,2615,7
720,Csurgó,8840,11
721,Csurgónagymarton,8840,11
722,Cún,7843,3
723,Dabas,2373,7
724,Dabas,2371,7
725,Dabas,2370,7
726,Dabronc,8345,8
727,Dabrony,8485,8
728,Dad,2854,9
729,Dág,2522,9
730,Dáka,8592,8
731,Dalmand,7211,18
732,Damak,3780,5
733,Dámóc,3978,5
734,Dánszentmiklós,2735,7
735,Dány,2118,7
736,Daraboshegy,9917,10
737,Darány,7988,11
738,Darnó,4737,13
739,Darnózseli,9232,6
740,Darvas,4144,17
741,Dávod,6524,12
742,Debercsény,2694,19
743,Debrecen,4079,17
744,Debrecen,4078,17
745,Debrecen,4225,17
746,Debrecen,4063,17
747,Debrecen,4000,17
748,Debrecen,4002,17
749,Debrecen,4024,17
750,Debrecen,4025,17
751,Debrecen,4026,17
752,Debrecen,4027,17
753,Debrecen,4028,17
754,Debrecen,4029,17
755,Debrecen,4030,17
756,Debrecen,4031,17
757,Debrecen,4032,17
758,Debrecen,4033,17
759,Debrecen,4034,17
760,Debréte,3825,5
761,Decs,7144,18
762,Dédestapolcsány,3643,5
763,Dég,8135,1
764,Dejtár,2649,19
765,Délegyháza,2337,7
766,Demecser,4516,13
767,Demjén,3395,4
768,Dencsháza,7915,3
769,Dénesfa,9365,6
770,Derecske,4130,17
771,Derekegyház,6621,14
772,Deszk,6772,14
773,Detek,3834,5
774,Detk,3275,4
775,Dévaványa,5510,16
776,Devecser,8460,8
777,Dinnyeberki,7683,3
778,Diósberény,7072,18
779,Diósd,2049,7
780,Diósjenő,2643,19
781,Dióskál,8764,15
782,Diósviszló,7817,3
783,Doba,8482,8
784,Döbörhegy,9914,16
785,Doboz,5624,15
786,Dobri,8874,15
787,Döbröce,8357,14
788,Döbrököz,7228,5
789,Dobronhegy,8989,14
790,Döbrönte,8597,16
791,Dóc,6766,16
792,Döge,4495,18
793,Domaháza,3627,13
794,Domaszék,6781,7
795,Dombegyház,5836,4
796,Dombiratos,5745,4
797,Dombóvár,7200,9
798,Dombrád,4492,19
799,Domony,2182,10
800,Dömös,2027,10
801,Domoszló,3263,15
802,Dömsöd,2344,18
803,Dör,9147,8
804,Dörgicse,8244,13
805,Dormánd,3374,9
806,Dorog,2510,7
807,Dorogháza,3153,6
808,Döröske,9913,8
809,Dötk,8799,10
810,Dövény,3721,15
811,Dozmat,9791,5
812,Drágszél,6342,12
813,Drávacsehi,7849,3
814,Drávacsepely,7846,3
815,Drávafok,7967,3
816,Drávagárdony,7977,11
817,Drávaiványi,7960,3
818,Drávakeresztúr,7967,3
819,Drávapalkonya,7850,3
820,Drávapiski,7843,3
821,Drávaszabolcs,7851,3
822,Drávaszerdahely,7847,3
823,Drávasztára,7960,3
824,Drávatamási,7979,11
825,Drégelypalánk,2646,19
826,Dubicsány,3635,5
827,Dudar,8416,8
828,Duka,9556,10
829,Dunaalmás,2545,9
830,Dunabogdány,2023,7
831,Dunaegyháza,6323,12
832,Dunafalva,6513,12
833,Dunaföldvár,7020,18
834,Dunaharaszti,2330,7
835,Dunakeszi,2120,7
836,Dunakiliti,9225,6
837,Dunapataj,6328,12
838,Dunaremete,9235,6
839,Dunaszeg,9174,6
840,Dunaszekcső,7712,3
841,Dunaszentbenedek,6333,12
842,Dunaszentgyörgy,7135,18
843,Dunaszentmiklós,2897,9
844,Dunaszentpál,9175,6
845,Dunasziget,9226,6
846,Dunatetétlen,6325,12
847,Dunaújváros,2407,1
848,Dunaújváros,2400,1
849,Dunavarsány,2336,7
850,Dunavecse,6087,12
851,Dusnok,6353,12
852,Dúzs,7224,18
853,Ebergőc,9451,6
854,Ebes,4211,17
855,Écs,9083,6
856,Ecséd,3013,4
857,Ecseg,3053,19
858,Ecsegfalva,5515,16
859,Ecseny,7457,11
860,Ecser,2233,7
861,Edde,7443,11
862,Edelény,3783,5
863,Edelény,3780,5
864,Edve,9343,6
865,Eger,3304,4
866,Eger,3323,4
867,Eger,3300,4
868,Egerág,7763,3
869,Egeralja,8497,8
870,Egeraracsa,8765,15
871,Egerbakta,3321,4
872,Egerbocs,3337,4
873,Egercsehi,3341,4
874,Egerfarmos,3379,4
875,Egerlövő,3461,5
876,Egerszalók,3394,4
877,Égerszög,3757,4
878,Egerszólát,3328,5
879,Egervár,8913,15
880,Egervölgy,9684,10
881,Egyed,9314,6
882,Egyek,4067,17
883,Egyek,4069,17
884,Egyházasdengeleg,3043,19
885,Egyházasfalu,9473,6
886,Egyházasgerge,3185,19
887,Egyházasharaszti,7824,3
888,Egyházashetye,9554,10
889,Egyházashollós,9781,10
890,Egyházaskesző,8523,8
891,Egyházaskozár,7347,3
892,Egyházasrádóc,9783,10
893,Elek,5742,16
894,Ellend,7744,3
895,Előszállás,2423,1
896,Előszállás,2424,1
897,Emőd,3432,5
898,Encs,3854,5
899,Encs,3860,5
900,Encsencs,4374,13
901,Endrefalva,3165,19
902,Endrőc,7973,3
903,Enese,9143,6
904,Enying,8131,1
905,Enying,8130,1
906,Eperjes,6624,14
907,Eperjeske,4646,13
908,Eplény,8413,8
909,Epöl,2526,9
910,Ercsi,2453,1
911,Ercsi,2451,1
912,Érd,2036,7
913,Érd,2035,7
914,Érd,2030,7
915,Erdőbénye,3932,5
916,Erdőhorváti,3935,5
917,Erdőkertes,2113,7
918,Erdőkövesd,3252,4
919,Erdőkürt,2176,19
920,Erdősmárok,7735,3
921,Erdősmecske,7723,3
922,Erdőtarcsa,2177,19
923,Erdőtelek,3358,4
924,Erk,3295,4
925,Érpatak,4245,13
926,Érsekcsanád,6347,12
927,Érsekhalma,6348,12
928,Érsekvadkert,2659,19
929,Értény,7093,18
930,Erzsébet,7661,3
931,Esztár,4124,17
932,Eszteregnye,8882,15
933,Esztergályhorváti,8742,15
934,Esztergom,2509,9
935,Esztergom,2500,9
936,Ete,2947,9
937,Etes,3136,19
938,Etyek,2091,1
939,Fábiánháza,4354,13
940,Fábiánsebestyén,6625,14
941,Fácánkert,7136,18
942,Fadd,7139,18
943,Fadd,7133,18
944,Fáj,3865,5
945,Fajsz,6352,12
946,Fancsal,3855,5
947,Farád,9321,6
948,Farkasgyepű,8582,8
949,Farkaslyuk,3608,5
950,Farmos,2765,7
951,Fazekasboda,7732,3
952,Fedémes,3255,4
953,Fegyvernek,5213,2
954,Fegyvernek,5231,2
955,Fehérgyarmat,4900,13
956,Fehértó,9163,6
957,Fehérvárcsurgó,8052,1
958,Feked,7724,3
959,Feketeerdő,9211,6
960,Felcsút,8086,1
961,Feldebrő,3352,4
962,Felgyő,6645,14
963,Felpéc,9122,6
964,Felsőberecki,3985,5
965,Felsőcsatár,9794,10
966,Felsődobsza,3847,5
967,Felsőegerszeg,7370,3
968,Felsőgagy,3837,5
969,Felsőjánosfa,9934,10
970,Felsőkelecsény,3722,5
971,Felsőlajos,6055,12
972,Felsőmarác,9918,10
973,Felsőmocsolád,7456,11
974,Felsőnána,7175,18
975,Felsőnyárád,3721,5
976,Felsőnyék,7099,18
977,Felsőörs,8227,8
978,Felsőpáhok,8380,15
979,Felsőpakony,2363,7
980,Felsőpetény,2611,19
981,Felsőrajk,8767,15
982,Felsőregmec,3989,5
983,Felsőszenterzsébet,8973,15
984,Felsőszentiván,6447,12
985,Felsőszentmárton,7968,3
986,Felsőszölnök,9985,10
987,Felsőtárkány,3324,4
988,Felsőtelekes,3735,5
989,Felsőtold,3067,19
990,Felsővadász,3814,5
991,Felsőzsolca,3561,5
992,Fényeslitke,4621,13
993,Fenyőfő,8432,8
994,Ferencszállás,6774,14
995,Fertőboz,9493,6
996,Fertőd,9433,6
997,Fertőd,9431,6
998,Fertőendréd,9442,6
999,Fertőhomok,9492,6
1000,Fertőrákos,9421,6
1001,Fertőszentmiklós,9444,6
1002,Fertőszéplak,9436,6
1003,Fiad,7282,11
1004,Filkeháza,3994,5
1005,Fityeház,8835,15
1006,Foktő,6331,12
1007,Földeák,6922,17
1008,Földes,4177,11
1009,Folyás,4090,5
1010,Fonó,7271,11
1011,Fony,3893,11
1012,Főnyed,8732,14
1013,Fonyód,8644,5
1014,Fonyód,8640,7
1015,Forráskút,6793,14
1016,Forró,3849,17
1017,Fót,2151,11
1018,Füle,8157,5
1019,Fülesd,4964,17
1020,Fulókércs,3864,1
1021,Fülöp,4266,13
1022,Fülöpháza,6042,17
1023,Fülöpjakab,6116,12
1024,Fülöpszállás,6085,12
1025,Fülpösdaróc,4754,12
1026,Fürged,7087,13
1027,Furta,4141,18
1028,Füzér,3996,5
1029,Füzérkajata,3994,5
1030,Füzérkomlós,3997,5
1031,Füzérradvány,3993,5
1032,Füzesabony,3390,4
1033,Füzesgyarmat,5525,16
1034,Füzvölgy,8777,15
1035,Gáborján,4122,17
1036,Gáborjánháza,8969,15
1037,Gacsály,4972,13
1038,Gadács,7276,11
1039,Gadány,8716,11
1040,Gadna,3815,5
1041,Gádoros,5932,16
1042,Gagyapáti,3837,5
1043,Gagybátor,3817,5
1044,Gagyvendégi,3816,5
1045,Galambok,8754,15
1046,Galgaguta,2686,19
1047,Galgagyörk,2681,7
1048,Galgahévíz,2193,7
1049,Galgamácsa,2183,7
1050,Gálosfa,7473,11
1051,Galvács,3752,5
1052,Gamás,8685,11
1053,Ganna,8597,8
1054,Gánt,8082,1
1055,Gara,6522,12
1056,Garáb,3067,19
1057,Garabonc,8747,15
1058,Garadna,3873,5
1059,Garbolc,4976,13
1060,Gárdony,2484,1
1061,Gárdony,2485,1
1062,Gárdony,2483,1
1063,Garé,7812,3
1064,Gasztony,9952,10
1065,Gátér,6111,12
1066,Gávavencsellő,4471,13
1067,Gávavencsellő,4472,13
1068,Géberjén,4754,13
1069,Gecse,8543,8
1070,Géderlak,6334,12
1071,Gégény,4517,13
1072,Gelej,3444,5
1073,Gelénes,4935,13
1074,Gellénháza,8981,15
1075,Gelse,8774,15
1076,Gelsesziget,8774,15
1077,Gemzse,4567,13
1078,Gencsapáti,9721,10
1079,Gérce,9672,10
1080,Gerde,7951,3
1081,Gerendás,5925,16
1082,Gerényes,7362,3
1083,Geresdlak,7733,3
1084,Gerjen,7134,18
1085,Gersekarát,9813,10
1086,Geszt,5734,16
1087,Gesztely,3923,5
1088,Gesztely,3715,5
1089,Geszteréd,4232,13
1090,Gétye,8762,15
1091,Gic,8435,8
1092,Gige,7527,11
1093,Gilvánfa,7954,3
1094,Girincs,3578,5
1095,Göd,2131,8
1096,Göd,2132,5
1097,Gödöllő,2100,7
1098,Gödre,7386,15
1099,Gödre,7385,10
1100,Gógánfa,8346,3
1101,Gölle,7272,15
1102,Golop,3906,7
1103,Gomba,2217,7
1104,Gombosszeg,8984,7
1105,Gömörszőlős,3728,3
1106,Gönc,3895,3
1107,Göncruszka,3894,11
1108,Gönyű,9071,5
1109,Gór,9625,5
1110,Görbeháza,4075,5
1111,Görcsöny,7833,6
1112,Görcsönydoboka,7728,17
1113,Gordisa,7853,3
1114,Görgeteg,7553,3
1115,Gősfa,8913,11
1116,Gosztola,8978,15
1117,Grábóc,7162,18
1118,Gulács,4842,13
1119,Gutorfölde,8951,15
1120,Gyál,2360,7
1121,Gyalóka,9474,6
1122,Gyanógeregye,9774,10
1123,Gyarmat,9126,6
1124,Gyékényes,8851,11
1125,Gyenesdiás,8315,15
1126,Gyepükaján,8473,8
1127,Gyermely,2821,9
1128,Gyód,7668,3
1129,Gyomaendrőd,5502,16
1130,Gyomaendrőd,5500,16
1131,Gyömöre,9124,6
1132,Gyömrő,2230,6
1133,Gyöngyfa,7954,7
1134,Gyöngyös,3221,3
1135,Gyöngyös,3232,4
1136,Gyöngyös,3233,4
1137,Gyöngyös,3200,4
1138,Gyöngyösfalu,9723,4
1139,Gyöngyöshalász,3212,10
1140,Gyöngyösmellék,7972,4
1141,Gyöngyösoroszi,3211,3
1142,Gyöngyöspata,3035,4
1143,Gyöngyössolymos,3231,4
1144,Gyöngyöstarján,3036,4
1145,Gyönk,7064,4
1146,Győr,9019,18
1147,Győr,9011,6
1148,Győr,9012,6
1149,Győr,9000,6
1150,Győr,9021,6
1151,Győr,9022,6
1152,Győr,9023,6
1153,Győr,9024,6
1154,Győr,9025,6
1155,Győr,9026,6
1156,Győr,9027,6
1157,Győr,9028,6
1158,Győr,9029,6
1159,Győr,9030,6
1160,Győrasszonyfa,9093,6
1161,Györe,7352,6
1162,Györgytarló,3954,18
1163,Györköny,7045,5
1164,Győrladamér,9173,18
1165,Gyóró,9363,6
1166,Győröcske,4625,13
1167,Győrság,9084,6
1168,Győrsövényház,9161,6
1169,Győrszemere,9121,6
1170,Győrtelek,4752,13
1171,Győrújbarát,9081,6
1172,Győrújfalu,9171,6
1173,Győrvár,9821,10
1174,Győrzámoly,9172,6
1175,Gyugy,8692,11
1176,Gyügye,4733,16
1177,Gyula,5711,16
1178,Gyula,5703,16
1179,Gyula,5700,13
1180,Gyulaháza,4545,18
1181,Gyulaj,7227,8
1182,Gyulakeszi,8286,1
1183,Gyüre,4813,13
1184,Gyúró,2464,13
1185,Gyűrűs,8932,15
1186,Hács,8694,11
1187,Hagyárosbörönd,8992,15
1188,Hahót,8771,15
1189,Hajdúbagos,4273,17
1190,Hajdúböszörmény,4224,17
1191,Hajdúböszörmény,4086,17
1192,Hajdúböszörmény,4074,17
1193,Hajdúböszörmény,4220,17
1194,Hajdúdorog,4087,17
1195,Hajdúhadház,4242,17
1196,Hajdúnánás,4085,17
1197,Hajdúnánás,4080,17
1198,Hajdúsámson,4251,17
1199,Hajdúszoboszló,4200,17
1200,Hajdúszovát,4212,17
1201,Hajmás,7473,11
1202,Hajmáskér,8192,8
1203,Hajós,6344,12
1204,Halastó,9814,10
1205,Halászi,9228,6
1206,Halásztelek,2314,7
1207,Halimba,8452,8
1208,Halmaj,3842,5
1209,Halmajugra,3273,4
1210,Halogy,9917,10
1211,Hangács,3795,5
1212,Hangony,3626,5
1213,Hantos,2434,1
1214,Harasztifalu,9784,10
1215,Harc,7172,18
1216,Harka,9422,6
1217,Harkakötöny,6136,12
1218,Harkány,7815,3
1219,Háromfa,7585,11
1220,Háromhuta,3936,5
1221,Harsány,3555,5
1222,Hárskút,8442,8
1223,Harta,6327,12
1224,Harta,6326,12
1225,Hásságy,7745,3
1226,Hatvan,3000,4
1227,Hédervár,9178,6
1228,Hedrehely,7533,11
1229,Hegyesd,8296,8
1230,Hegyeshalom,9222,6
1231,Hegyfalu,9631,10
1232,Hegyháthodász,9915,10
1233,Hegyhátmaróc,7348,3
1234,Hegyhátsál,9915,10
1235,Hegyhátszentjakab,9934,10
1236,Hegyhátszentmárton,9931,10
1237,Hegyhátszentpéter,9826,10
1238,Hegykő,9437,6
1239,Hegymagas,8265,8
1240,Hegymeg,3786,5
1241,Hegyszentmárton,7837,3
1242,Héhalom,3041,19
1243,Hejce,3892,5
1244,Hejőbába,3593,5
1245,Hejőkeresztúr,3597,5
1246,Hejőkürt,3588,5
1247,Hejőpapi,3594,5
1248,Hejőszalonta,3595,5
1249,Helesfa,7683,3
1250,Helvécia,6034,12
1251,Hencida,4123,17
1252,Hencse,7532,11
1253,Herceghalom,2053,7
1254,Hercegkút,3958,5
1255,Hercegszántó,6525,12
1256,Heréd,3011,4
1257,Héreg,2832,9
1258,Herencsény,2677,19
1259,Herend,8440,8
1260,Heresznye,7587,11
1261,Hermánszeg,4735,13
1262,Hernád,2376,7
1263,Hernádbűd,3853,5
1264,Hernádcéce,3887,5
1265,Hernádkak,3563,5
1266,Hernádkércs,3846,5
1267,Hernádnémeti,3564,5
1268,Hernádpetri,3874,5
1269,Hernádszentandrás,3852,5
1270,Hernádszurdok,3875,5
1271,Hernádvécse,3874,5
1272,Hernyék,8957,15
1273,Hét,3655,5
1274,Hetefejércse,4843,13
1275,Hetes,7432,11
1276,Hetvehely,7681,3
1277,Hetyefő,8344,8
1278,Heves,3360,4
1279,Hevesaranyos,3322,4
1280,Hevesvezekény,3383,4
1281,Hévíz,8380,15
1282,Hévízgyörk,2192,7
1283,Hidas,7696,3
1284,Hidasnémeti,3876,5
1285,Hidegkút,8247,8
1286,Hidegség,9491,6
1287,Hidvégardó,3768,5
1288,Himesháza,7735,3
1289,Himod,9362,6
1290,Hirics,7838,3
1291,Hobol,7971,3
1292,Hodász,4334,13
1293,Hódmezővásárhely,6806,14
1294,Hódmezővásárhely,6800,14
1295,Hőgyész,7191,11
1296,Hollád,8731,5
1297,Hollóháza,3999,19
1298,Hollókő,3176,8
1299,Homokbödöge,8563,15
1300,Homokkomárom,8777,12
1301,Homokmégy,6341,11
1302,Homokszentgyörgy,7537,3
1303,Homorúd,7716,5
1304,Homrogd,3812,19
1305,Hont,2647,19
1306,Horpács,2658,4
1307,Hort,3014,17
1308,Hortobágy,4071,3
1309,Horváthertelend,7935,10
1310,Horvátlövő,9796,10
1311,Horvátzsidány,9733,3
1312,Hosszúhetény,7694,17
1313,Hosszúpályi,4274,10
1314,Hosszúpereszteg,9676,11
1315,Hosszúvíz,8716,15
1316,Hosszúvölgy,8777,8
1317,Hosztót,8475,15
1318,Hottó,8991,18
1319,Hövej,9361,6
1320,Hugyag,2672,19
1321,Hunya,5555,16
1322,Hunyadfalva,5063,2
1323,Husztót,7678,3
1324,Ibafa,7935,3
1325,Iborfia,8984,15
1326,Ibrány,4484,13
1327,Igal,7275,11
1328,Igar,7016,1
1329,Igar,7015,1
1330,Igrici,3459,5
1331,Iharos,8726,11
1332,Iharosberény,8725,11
1333,Ikervár,9756,10
1334,Iklad,2181,7
1335,Iklanberény,9634,10
1336,Iklódbördőce,8958,15
1337,Ikrény,9141,6
1338,Iliny,2675,19
1339,Ilk,4566,13
1340,Illocska,7775,3
1341,Imola,3724,5
1342,Imrehegy,6238,12
1343,Ináncs,3851,5
1344,Inárcs,2365,7
1345,Inke,8724,11
1346,Ipacsfa,7847,3
1347,Ipolydamásd,2631,7
1348,Ipolytarnóc,3138,19
1349,Ipolytölgyes,2633,7
1350,Ipolyvece,2669,19
1351,Iregszemcse,7095,18
1352,Irota,3786,5
1353,Isaszeg,2117,7
1354,Ispánk,9941,10
1355,Istenmezeje,3253,4
1356,Istvándi,7987,11
1357,Iszkaszentgyörgy,8043,1
1358,Iszkáz,8493,8
1359,Isztimér,8045,1
1360,Ivád,3248,4
1361,Iván,9374,6
1362,Ivánbattyán,7772,3
1363,Ivánc,9931,10
1364,Iváncsa,2454,1
1365,Ivándárda,7781,3
1366,Izmény,7353,18
1367,Izsák,6070,12
1368,Izsófalva,3741,5
1369,Jágónak,7362,18
1370,Ják,9798,10
1371,Jakabszállás,6078,12
1372,Jákfa,9643,10
1373,Jákfalva,3721,5
1374,Jákó,7525,11
1375,Jánd,4841,13
1376,Jánkmajtis,4741,13
1377,Jánoshalma,6440,12
1378,Jánosháza,9545,10
1379,Jánoshida,5143,2
1380,Jánossomorja,9241,6
1381,Jánossomorja,9242,6
1382,Járdánháza,3664,5
1383,Jármi,4337,13
1384,Jásd,8424,8
1385,Jászágó,5124,2
1386,Jászalsószentgyörgy,5054,2
1387,Jászapáti,5130,2
1388,Jászárokszállás,5123,2
1389,Jászberény,5152,2
1390,Jászberény,5100,2
1391,Jászboldogháza,5144,2
1392,Jászdózsa,5122,2
1393,Jászfelsőszentgyörgy,5111,2
1394,Jászfényszaru,5126,2
1395,Jászivány,5135,2
1396,Jászjákóhalma,5121,2
1397,Jászkarajenő,2746,7
1398,Jászkisér,5137,2
1399,Jászladány,5055,2
1400,Jászszentandrás,5136,2
1401,Jászszentlászló,6133,12
1402,Jásztelek,5141,2
1403,Jéke,4611,13
1404,Jenő,8146,1
1405,Jobaháza,9323,6
1406,Jobbágyi,3063,19
1407,Jósvafő,3758,5
1408,Juta,7431,11
1409,Kaba,4183,17
1410,Kacorlak,8773,15
1411,Kács,3424,5
1412,Kacsóta,7940,3
1413,Kadarkút,7530,11
1414,Kajárpéc,9123,6
1415,Kajászó,2472,1
1416,Kajdacs,7051,18
1417,Kakasd,7122,18
1418,Kákics,7958,3
1419,Kakucs,2366,7
1420,Kál,3350,4
1421,Kalaznó,7194,18
1422,Káld,9673,10
1423,Kálló,2175,19
1424,Kallósd,8785,15
1425,Kállósemjén,4324,13
1426,Kálmáncsa,7538,11
1427,Kálmánháza,4434,13
1428,Kálócfa,8988,15
1429,Kalocsa,6300,12
1430,Káloz,8124,1
1431,Kám,9841,10
1432,Kamond,8469,8
1433,Kamut,5673,16
1434,Kánó,3735,5
1435,Kántorjánosi,4335,13
1436,Kány,3821,5
1437,Kánya,8667,11
1438,Kányavár,8956,15
1439,Kapolcs,8294,8
1440,Kápolna,3355,4
1441,Kápolnásnyék,2475,1
1442,Kapoly,8671,11
1443,Kaposfő,7523,11
1444,Kaposgyarmat,7473,11
1445,Kaposhomok,7261,11
1446,Kaposkeresztúr,7258,11
1447,Kaposmérő,7521,11
1448,Kapospula,7251,18
1449,Kaposszekcső,7361,18
1450,Kaposszerdahely,7476,11
1451,Kaposújlak,7522,11
1452,Kaposvár,7400,11
1453,Káptalanfa,8471,8
1454,Káptalantóti,8283,8
1455,Kapuvár,9339,6
1456,Kapuvár,9330,6
1457,Kára,7285,11
1458,Karácsond,3281,4
1459,Karád,8676,11
1460,Karakó,9547,10
1461,Karakószörcsök,8491,8
1462,Karancsalja,3181,19
1463,Karancsberény,3137,19
1464,Karancskeszi,3183,19
1465,Karancslapujtő,3182,19
1466,Karancsság,3163,19
1467,Kárász,7333,3
1468,Karcag,5300,2
1469,Karcsa,3963,5
1470,Kardos,5552,16
1471,Kardoskút,5945,16
1472,Karmacs,8354,15
1473,Karos,3962,5
1474,Kartal,2173,7
1475,Kásád,7827,3
1476,Kaskantyú,6211,12
1477,Kastélyosdombó,7977,11
1478,Kaszaper,5948,16
1479,Kaszó,7564,11
1480,Katádfa,7914,3
1481,Katafa,9915,10
1482,Kátoly,7661,3
1483,Katymár,6455,12
1484,Káva,2215,7
1485,Kávás,8994,15
1486,Kazár,3147,19
1487,Kazár,3127,19
1488,Kazincbarcika,3700,5
1489,Kázsmárk,3831,5
1490,Kazsok,7274,11
1491,Kecel,6237,12
1492,Kecskéd,2852,9
1493,Kecskemét,6044,12
1494,Kecskemét,6008,12
1495,Kecskemét,6000,12
1496,Kehidakustány,8784,15
1497,Kék,4515,13
1498,Kékcse,4494,13
1499,Kéked,3899,5
1500,Kékesd,7661,3
1501,Kékkút,8254,8
1502,Kelebia,6423,12
1503,Keléd,9549,10
1504,Kelemér,3728,5
1505,Kéleshalom,6444,12
1506,Kelevíz,8714,11
1507,Kemecse,4501,13
1508,Kemence,2638,7
1509,Kemendollár,8931,15
1510,Kemeneshőgyész,8516,8
1511,Kemeneskápolna,9553,10
1512,Kemenesmagasi,9522,10
1513,Kemenesmihályfa,9511,10
1514,Kemenespálfa,9544,10
1515,Kemenessömjén,9517,10
1516,Kemenesszentmárton,9521,10
1517,Kemenesszentpéter,8518,8
1518,Keménfa,8995,15
1519,Kémes,7843,3
1520,Kemestaródfa,9923,10
1521,Kemse,7839,3
1522,Kenderes,5349,2
1523,Kenderes,5331,2
1524,Kenéz,9752,10
1525,Kenézlő,3955,5
1526,Kengyel,5083,2
1527,Kenyeri,9514,10
1528,Kercaszomor,9945,10
1529,Kercseliget,7256,11
1530,Kerecsend,3396,4
1531,Kerecseny,8745,15
1532,Kerekegyháza,6041,12
1533,Kereki,8618,11
1534,Kerékteleki,2882,9
1535,Kerepes,2145,7
1536,Kerepes,2144,7
1537,Keresztéte,3821,5
1538,Kerkabarabás,8971,15
1539,Kerkafalva,8973,15
1540,Kerkakutas,8973,15
1541,Kerkáskápolna,9944,10
1542,Kerkaszentkirály,8874,15
1543,Kerkateskánd,8879,15
1544,Kérsemjén,4912,13
1545,Kerta,8492,8
1546,Kertészsziget,5526,16
1547,Keszeg,2616,19
1548,Kesznyéten,3579,5
1549,Keszőhidegkút,7062,18
1550,Keszthely,8360,15
1551,Kesztölc,2517,9
1552,Keszü,7668,3
1553,Kétbodony,2655,19
1554,Kétegyháza,5741,16
1555,Kéthely,8713,11
1556,Kétpó,5411,2
1557,Kétsoprony,5674,16
1558,Kétújfalu,7975,3
1559,Kétvölgy,9982,10
1560,Kéty,7174,18
1561,Kevermes,5744,16
1562,Kilimán,8774,15
1563,Kimle,9181,6
1564,Kincsesbánya,8044,1
1565,Királd,3657,5
1566,Királyegyháza,7953,3
1567,Királyhegyes,6911,14
1568,Királyszentistván,8195,8
1569,Kisapáti,8284,8
1570,Kisapostag,2428,1
1571,Kisar,4921,13
1572,Kisasszond,7523,11
1573,Kisasszonyfa,7954,3
1574,Kisbabot,9133,6
1575,Kisbágyon,3046,19
1576,Kisbajcs,9062,6
1577,Kisbajom,7542,11
1578,Kisbárapáti,7282,11
1579,Kisbárkány,3075,19
1580,Kisbér,2881,9
1581,Kisbér,2879,9
1582,Kisbér,2870,9
1583,Kisberény,8693,11
1584,Kisberzseny,8477,8
1585,Kisbeszterce,7391,3
1586,Kisbodak,9234,6
1587,Kisbucsa,8925,15
1588,Kisbudmér,7756,3
1589,Kiscsécs,3578,5
1590,Kiscsehi,8888,15
1591,Kiscsősz,8494,8
1592,Kisdér,7814,3
1593,Kisdobsza,7985,3
1594,Kisdombegyház,5837,16
1595,Kisdorog,7159,18
1596,Kisecset,2655,19
1597,Kisfalud,9341,6
1598,Kisfüzes,3256,4
1599,Kisgörbő,8356,15
1600,Kisgyalán,7279,11
1601,Kisgyőr,3556,5
1602,Kishajmás,7391,3
1603,Kisharsány,7800,3
1604,Kishartyán,3161,19
1605,Kisherend,7763,3
1606,Kishódos,4977,13
1607,Kishuta,3994,5
1608,Kisigmánd,2948,9
1609,Kisjakabfalva,7773,3
1610,Kiskassa,7766,3
1611,Kiskinizs,3843,5
1612,Kisköre,3384,11
1613,Kiskőrös,6200,4
1614,Kiskorpád,7524,12
1615,Kiskunfélegyháza,6100,12
1616,Kiskunhalas,6400,12
1617,Kiskunlacháza,2340,7
1618,Kiskunmajsa,6120,12
1619,Kiskutas,8911,15
1620,Kisláng,8156,1
1621,Kisléta,4325,13
1622,Kislippó,7775,3
1623,Kislőd,8446,8
1624,Kismányok,7356,18
1625,Kismarja,4126,17
1626,Kismaros,2623,7
1627,Kisnamény,4737,13
1628,Kisnána,3264,4
1629,Kisnémedi,2165,7
1630,Kisnyárád,7759,3
1631,Kisoroszi,2024,7
1632,Kispalád,4956,13
1633,Kispáli,8912,15
1634,Kispirit,8496,8
1635,Kisrákos,9936,10
1636,Kisrécse,8756,15
1637,Kisrozvágy,3965,5
1638,Kissikátor,3627,5
1639,Kissomlyó,9555,10
1640,Kisszállás,6421,12
1641,Kisszékely,7082,18
1642,Kisszekeres,4963,13
1643,Kisszentmárton,7841,3
1644,Kissziget,8957,15
1645,Kisszőlős,8483,8
1646,Kistamási,7981,3
1647,Kistapolca,7823,3
1648,Kistarcsa,2143,7
1649,Kistelek,6760,14
1650,Kistokaj,3553,5
1651,Kistolmács,8868,15
1652,Kistormás,7068,18
1653,Kistótfalu,7768,3
1654,Kisújszállás,5310,2
1655,Kisunyom,9772,10
1656,Kisvárda,4600,13
1657,Kisvarsány,4811,13
1658,Kisvásárhely,8341,15
1659,Kisvaszar,7381,3
1660,Kisvejke,7183,18
1661,Kiszombor,6775,14
1662,Kiszsidány,9733,10
1663,Klárafalva,6773,14
1664,Köblény,7334,9
1665,Kocs,2898,7
1666,Kocsér,2755,18
1667,Köcsk,9553,13
1668,Kocsola,7212,7
1669,Kocsord,4751,17
1670,Kóka,2243,8
1671,Kokad,4284,17
1672,Kökény,7668,9
1673,Kőkút,7530,9
1674,Kölcse,4965,9
1675,Kölesd,7052,5
1676,Kölked,7717,3
1677,Kolontár,8468,3
1678,Komádi,4138,13
1679,Komárom,2903,11
1680,Komárom,2921,5
1681,Komárom,2900,13
1682,Komjáti,3765,4
1683,Komló,7305,5
1684,Komló,7300,10
1685,Kömlő,3372,16
1686,Kömlőd,2853,6
1687,Komlódtótfalu,4765,17
1688,Komlósd,7582,6
1689,Komlóska,3937,18
1690,Komoró,4622,5
1691,Kömörő,4943,6
1692,Kömpöc,6134,3
1693,Kompolt,3356,7
1694,Kondó,3775,7
1695,Kondorfa,9943,13
1696,Kondoros,5553,3
1697,Kóny,9144,3
1698,Konyár,4133,5
1699,Kópháza,9495,19
1700,Koppányszántó,7094,3
1701,Korlát,3886,15
1702,Körmend,9909,3
1703,Körmend,9900,10
1704,Környe,2851,3
1705,Köröm,3577,11
1706,Koroncó,9113,13
1707,Kórós,7841,18
1708,Kőröshegy,8617,3
1709,Körösladány,5516,4
1710,Körösnagyharsány,5539,9
1711,Körösszakál,4136,13
1712,Körösszegapáti,4135,12
1713,Köröstarcsa,5622,10
1714,Kőröstetétlen,2745,10
1715,Körösújfalu,5536,9
1716,Kosd,2612,5
1717,Kóspallag,2625,11
1718,Kőszárhegy,8152,16
1719,Kőszeg,9730,16
1720,Kőszegdoroszló,9725,16
1721,Kőszegpaty,9739,7
1722,Kőszegszerdahely,9725,16
1723,Kótaj,4482,17
1724,Kötcse,8627,17
1725,Kötegyán,5725,1
1726,Kőtelek,5062,10
1727,Kovácshida,7847,10
1728,Kovácsszénája,7678,10
1729,Kovácsvágás,3992,10
1730,Kővágóörs,8254,11
1731,Kővágószőlős,7673,16
1732,Kővágótőttős,7675,2
1733,Kövegy,6912,8
1734,Köveskál,8274,3
1735,Kozárd,3053,3
1736,Kozármisleny,7761,14
1737,Kozmadombja,8988,8
1738,Krasznokvajda,3821,5
1739,Kübekháza,6755,1
1740,Kulcs,2458,12
1741,Külsősárd,8978,16
1742,Külsővat,9532,12
1743,Kunadacs,6097,12
1744,Kunágota,5746,2
1745,Kunbaja,6435,12
1746,Kunbaracs,6043,2
1747,Kuncsorba,5412,2
1748,Kunfehértó,6413,12
1749,Küngös,8162,12
1750,Kunhegyes,5340,2
1751,Kunmadaras,5321,2
1752,Kunpeszér,6096,12
1753,Kunszállás,6115,6
1754,Kunszentmárton,5449,8
1755,Kunszentmárton,5440,5
1756,Kunszentmiklós,6090,18
1757,Kunsziget,9184,5
1758,Kup,8595,15
1759,Kupa,3813,11
1760,Kurd,7226,19
1761,Kurityán,3732,14
1762,Kustánszeg,8919,15
1763,Kutas,7541,8
1764,Kutasó,3066,8
1765,Lábatlan,2541,9
1766,Lábod,7551,11
1767,Lácacséke,3967,5
1768,Lad,7535,11
1769,Ladánybene,6045,12
1770,Ládbesenyő,3780,5
1771,Lajoskomárom,8136,1
1772,Lajosmizse,6050,12
1773,Lak,3786,5
1774,Lakhegy,8913,15
1775,Lakitelek,6065,12
1776,Lakócsa,7918,11
1777,Lánycsók,7759,3
1778,Lápafő,7214,18
1779,Lapáncsa,7775,3
1780,Laskod,4543,13
1781,Lasztonya,8887,15
1782,Látrány,8681,11
1783,Lázi,9089,6
1784,Leányfalu,2016,7
1785,Leányvár,2518,9
1786,Lébény,9155,6
1787,Legénd,2619,19
1788,Legyesbénye,3904,5
1789,Léh,3832,5
1790,Lénárddaróc,3648,5
1791,Lendvadedes,8978,15
1792,Lendvajakabfa,8977,15
1793,Lengyel,7184,18
1794,Lengyeltóti,8693,11
1795,Lenti,8966,15
1796,Lenti,8960,15
1797,Lepsény,8132,1
1798,Lesencefalu,8318,8
1799,Lesenceistvánd,8319,8
1800,Lesencetomaj,8318,8
1801,Létavértes,4281,17
1802,Létavértes,4283,17
1803,Letenye,8868,15
1804,Letkés,2632,7
1805,Levél,9221,6
1806,Levelek,4555,13
1807,Libickozma,8707,11
1808,Lickóvadamos,8981,15
1809,Liget,7331,3
1810,Ligetfalva,8782,15
1811,Lipót,9233,6
1812,Lippó,7781,3
1813,Liptód,7757,3
1814,Lispeszentadorján,8888,15
1815,Liszó,8831,15
1816,Litér,8196,8
1817,Litka,3866,5
1818,Litke,3186,19
1819,Lócs,9634,10
1820,Lőkösháza,5743,8
1821,Lókút,8425,13
1822,Lónya,4836,7
1823,Lórév,2309,3
1824,Lőrinci,3022,8
1825,Lőrinci,3024,1
1826,Lőrinci,3021,3
1827,Lothárd,7761,15
1828,Lovas,8228,8
1829,Lovasberény,8093,16
1830,Lovászhetény,7720,4
1831,Lovászi,8878,4
1832,Lovászpatona,8553,4
1833,Lövő,9461,6
1834,Lövőpetri,4633,13
1835,Lucfalva,3129,19
1836,Ludányhalászi,3188,19
1837,Ludas,3274,4
1838,Lukácsháza,9724,10
1839,Lulla,8660,11
1840,Lúzsok,7838,3
1841,Mád,3909,5
1842,Madaras,6456,12
1843,Madocsa,7026,18
1844,Maglóca,9169,6
1845,Maglód,2234,7
1846,Mágocs,7342,3
1847,Magosliget,4953,13
1848,Magy,4556,13
1849,Magyaralmás,8071,1
1850,Magyaratád,7463,11
1851,Magyarbánhegyes,5667,16
1852,Magyarbóly,7775,3
1853,Magyarcsanád,6932,14
1854,Magyardombegyház,5838,16
1855,Magyaregregy,7332,3
1856,Magyaregres,7441,11
1857,Magyarföld,8973,15
1858,Magyargéc,3133,19
1859,Magyargencs,8517,8
1860,Magyarhertelend,7394,3
1861,Magyarhomorog,4137,17
1862,Magyarkeresztúr,9346,6
1863,Magyarkeszi,7098,18
1864,Magyarlak,9962,10
1865,Magyarlukafa,7925,3
1866,Magyarmecske,7954,3
1867,Magyarnádalja,9909,10
1868,Magyarnándor,2694,19
1869,Magyarpolány,8449,8
1870,Magyarsarlós,7761,3
1871,Magyarszecsőd,9912,10
1872,Magyarszék,7396,3
1873,Magyarszentmiklós,8776,15
1874,Magyarszerdahely,8776,15
1875,Magyarszombatfa,9946,10
1876,Magyartelek,7954,3
1877,Majosháza,2339,7
1878,Majs,7783,3
1879,Makád,2322,7
1880,Makkoshotyka,3959,5
1881,Maklár,3397,4
1882,Makó,6903,14
1883,Makó,6900,14
1884,Malomsok,8533,8
1885,Mályi,3434,5
1886,Mályinka,3645,5
1887,Mánd,4942,13
1888,Mándok,4644,13
1889,Mánfa,7304,3
1890,Mány,2065,1
1891,Maráza,7733,3
1892,Marcalgergelyi,9534,8
1893,Marcali,8714,11
1894,Marcali,8709,11
1895,Marcali,8700,11
1896,Marcaltő,8531,8
1897,Marcaltő,8532,8
1898,Márfa,7817,3
1899,Máriahalom,2527,9
1900,Máriakálnok,9231,6
1901,Máriakéménd,7663,3
1902,Márianosztra,2629,7
1903,Máriapócs,4326,13
1904,Markaz,3262,4
1905,Márkháza,3075,19
1906,Márkó,8441,8
1907,Markóc,7967,3
1908,Markotabödöge,9164,6
1909,Maróc,8888,15
1910,Marócsa,7960,3
1911,Márok,7774,3
1912,Márokföld,8976,15
1913,Márokpapi,4932,13
1914,Maroslele,6921,14
1915,Mártély,6636,14
1916,Martfű,5435,2
1917,Martonfa,7720,3
1918,Martonvásár,2462,1
1919,Martonyi,3755,5
1920,Mátészalka,4700,13
1921,Mátételke,6452,12
1922,Mátraballa,3247,4
1923,Mátraderecske,3246,4
1924,Mátramindszent,3155,19
1925,Mátranovák,3144,19
1926,Mátranovák,3143,19
1927,Mátraszele,3142,19
1928,Mátraszentimre,3234,4
1929,Mátraszentimre,3235,4
1930,Mátraszőlős,3068,19
1931,Mátraterenye,3145,19
1932,Mátraterenye,3146,19
1933,Mátraverebély,3077,19
1934,Matty,7854,1
1935,Mátyásdomb,8134,3
1936,Mátyus,4835,13
1937,Máza,7351,3
1938,Mecseknádasd,7695,3
1939,Mecsekpölöske,7300,3
1940,Mecsér,9176,6
1941,Medgyesbodzás,5664,16
1942,Medgyesbodzás,5663,16
1943,Medgyesegyháza,5752,16
1944,Medgyesegyháza,5666,16
1945,Medina,7057,18
1946,Meggyeskovácsi,9757,10
1947,Megyaszó,3718,5
1948,Megyehid,9754,10
1949,Megyer,8348,8
1950,Méhkerék,5726,16
1951,Méhtelek,4975,13
1952,Mekényes,7344,3
1953,Mélykút,6449,12
1954,Mencshely,8271,8
1955,Mende,2235,7
1956,Méra,3871,5
1957,Merenye,7981,3
1958,Mérges,9136,6
1959,Mérk,4352,13
1960,Mernye,7453,11
1961,Mersevát,9531,10
1962,Mesterháza,9662,10
1963,Mesteri,9551,10
1964,Mesterszállás,5452,2
1965,Meszes,3754,5
1966,Meszlen,9745,10
1967,Mesztegnyő,8716,11
1968,Mezőberény,5650,16
1969,Mezőcsát,3450,5
1970,Mezőcsokonya,7434,11
1971,Meződ,7370,3
1972,Mezőfalva,2422,1
1973,Mezőgyán,5732,16
1974,Mezőhegyes,5820,16
1975,Mezőhék,5453,2
1976,Mezőkeresztes,3441,5
1977,Mezőkomárom,8137,1
1978,Mezőkovácsháza,5800,16
1979,Mezőkövesd,3400,5
1980,Mezőladány,4641,13
1981,Mezőlak,8514,8
1982,Mezőnagymihály,3443,5
1983,Mezőnyárád,3421,5
1984,Mezőörs,9098,6
1985,Mezőörs,9097,6
1986,Mezőpeterd,4118,17
1987,Mezősas,4134,17
1988,Mezőszemere,3378,4
1989,Mezőszentgyörgy,8133,1
1990,Mezőszilas,7017,1
1991,Mezőtárkány,3375,4
1992,Mezőtúr,5400,2
1993,Mezőzombor,3931,5
1994,Miháld,8825,15
1995,Mihályfa,8341,15
1996,Mihálygerge,3184,19
1997,Mihályháza,8513,8
1998,Mihályi,9342,6
1999,Mike,7512,11
2000,Mikebuda,2736,7
2001,Mikekarácsonyfa,8949,15
2002,Mikepércs,4271,17
2003,Miklósi,7286,11
2004,Mikófalva,3344,4
2005,Mikóháza,3989,5
2006,Mikosszéplak,9835,10
2007,Milejszeg,8917,15
2008,Milota,4948,13
2009,Mindszent,6630,14
2010,Mindszentgodisa,7391,3
2011,Mindszentkálla,8282,8
2012,Misefa,8935,15
2013,Miske,6343,12
2014,Miskolc,3510,5
2015,Miskolc,3515,5
2016,Miskolc,3516,5
2017,Miskolc,3508,5
2018,Miskolc,3517,5
2019,Miskolc,3518,5
2020,Miskolc,3521,5
2021,Miskolc,3519,5
2022,Miskolc,3500,5
2023,Miskolc,3501,5
2024,Miskolc,3524,5
2025,Miskolc,3525,5
2026,Miskolc,3526,5
2027,Miskolc,3527,5
2028,Miskolc,3528,5
2029,Miskolc,3529,5
2030,Miskolc,3530,5
2031,Miskolc,3531,5
2032,Miskolc,3532,5
2033,Miskolc,3533,5
2034,Miskolc,3534,5
2035,Miskolc,3535,5
2036,Miszla,7065,18
2037,Mocsa,2911,9
2038,Mőcsény,7163,7
2039,Mogyoród,2146,9
2040,Mogyorósbánya,2535,5
2041,Mogyoróska,3893,1
2042,Moha,8042,3
2043,Mohács,7715,3
2044,Mohács,7714,3
2045,Mohács,7700,19
2046,Mohora,2698,15
2047,Molnári,8863,10
2048,Molnaszecsőd,9912,3
2049,Molvány,7981,5
2050,Monaj,3812,5
2051,Monok,3905,7
2052,Monor,2213,7
2053,Monor,2200,4
2054,Mónosbél,3345,8
2055,Monostorapáti,8296,17
2056,Monostorpályi,4275,8
2057,Monoszló,8273,3
2058,Monyoród,7751,1
2059,Mór,8060,18
2060,Mórágy,7165,14
2061,Mórahalom,6782,12
2062,Móricgát,6132,6
2063,Mórichida,9131,11
2064,Mosdós,7257,6
2065,Mosonmagyaróvár,9200,6
2066,Mosonszentmiklós,9183,6
2067,Mosonszentmiklós,9154,6
2068,Mosonszolnok,9245,3
2069,Mozsgó,7932,18
2070,Mucsfa,7185,18
2071,Mucsi,7195,18
2072,Múcsony,3744,5
2073,Muhi,3552,5
2074,Murakeresztúr,8834,15
2075,Murarátka,8868,15
2076,Muraszemenye,8872,15
2077,Murga,7176,18
2078,Murony,5672,16
2079,Nábrád,4911,13
2080,Nadap,8097,1
2081,Nádasd,9915,10
2082,Nádasdladány,8145,1
2083,Nádudvar,4181,17
2084,Nágocs,8674,11
2085,Nagyacsád,8521,8
2086,Nagyalásony,8484,8
2087,Nagyar,4922,13
2088,Nagyatád,7500,11
2089,Nagybajcs,9063,6
2090,Nagybajom,7561,11
2091,Nagybakónak,8821,15
2092,Nagybánhegyes,5668,16
2093,Nagybaracska,6527,12
2094,Nagybarca,3641,5
2095,Nagybárkány,3075,19
2096,Nagyberény,8656,11
2097,Nagyberki,7255,11
2098,Nagybörzsöny,2634,7
2099,Nagybudmér,7756,3
2100,Nagycenk,9485,6
2101,Nagycsány,7838,3
2102,Nagycsécs,3598,5
2103,Nagycsepely,8628,11
2104,Nagycserkesz,4445,13
2105,Nagydém,8554,8
2106,Nagydobos,4823,13
2107,Nagydobsza,7985,3
2108,Nagydorog,7044,18
2109,Nagyecsed,4355,13
2110,Nagyér,6917,14
2111,Nagyesztergár,8415,8
2112,Nagyfüged,3282,4
2113,Nagygeresd,9664,10
2114,Nagygörbő,8356,15
2115,Nagygyimót,8551,8
2116,Nagyhajmás,7343,3
2117,Nagyhalász,4485,13
2118,Nagyharsány,7822,3
2119,Nagyhegyes,4064,17
2120,Nagyhódos,4977,13
2121,Nagyhuta,3994,5
2122,Nagyigmánd,2942,9
2123,Nagyiván,5363,2
2124,Nagykálló,4320,13
2125,Nagykamarás,5751,16
2126,Nagykanizsa,8831,15
2127,Nagykanizsa,8808,15
2128,Nagykanizsa,8809,15
2129,Nagykanizsa,8800,15
2130,Nagykapornak,8935,15
2131,Nagykarácsony,2425,1
2132,Nagykáta,2760,7
2133,Nagykereki,4127,17
2134,Nagykeresztúr,3129,19
2135,Nagykinizs,3844,5
2136,Nagykökényes,3012,18
2137,Nagykölked,9784,11
2138,Nagykónyi,7092,7
2139,Nagykőrös,2750,3
2140,Nagykorpád,7545,4
2141,Nagykörű,5065,10
2142,Nagykovácsi,2094,7
2143,Nagykozár,7741,2
2144,Nagykutas,8911,15
2145,Nagylak,6933,14
2146,Nagylengyel,8983,15
2147,Nagylóc,3175,19
2148,Nagylók,2435,1
2149,Nagylózs,9482,6
2150,Nagymágocs,6622,14
2151,Nagymányok,7355,18
2152,Nagymaros,2626,7
2153,Nagymizdó,9913,10
2154,Nagynyárád,7784,3
2155,Nagyoroszi,2645,19
2156,Nagypáli,8912,15
2157,Nagypall,7731,3
2158,Nagypeterd,7912,3
2159,Nagypirit,8496,8
2160,Nagyrábé,4173,17
2161,Nagyrada,8746,15
2162,Nagyrákos,9938,10
2163,Nagyrécse,8756,15
2164,Nagyréde,3214,4
2165,Nagyrév,5463,2
2166,Nagyrozvágy,3965,5
2167,Nagysáp,2524,9
2168,Nagysimonyi,9561,10
2169,Nagyszakácsi,8739,11
2170,Nagyszékely,7085,18
2171,Nagyszekeres,4962,13
2172,Nagyszénás,5931,16
2173,Nagyszentjános,9072,6
2174,Nagyszokoly,7097,18
2175,Nagytálya,3398,4
2176,Nagytarcsa,2142,7
2177,Nagytevel,8562,8
2178,Nagytilaj,9832,10
2179,Nagytőke,6612,3
2180,Nagytótfalu,7800,14
2181,Nagyút,3357,4
2182,Nagyvarsány,4812,13
2183,Nagyváty,7912,3
2184,Nagyvázsony,8291,8
2185,Nagyvejke,7186,18
2186,Nagyveleg,8065,1
2187,Nagyvenyim,2421,1
2188,Nagyvisnyó,3349,4
2189,Nak,7215,18
2190,Napkor,4552,13
2191,Nárai,9797,10
2192,Narda,9793,10
2193,Naszály,2899,9
2194,Négyes,3463,5
2195,Nekézseny,3646,5
2196,Nemesapáti,8923,15
2197,Nemesbikk,3592,5
2198,Nemesbőd,9749,13
2199,Nemesborzova,4942,10
2200,Nemesbük,8371,15
2201,Nemescsó,9739,10
2202,Nemesdéd,8722,11
2203,Nemesgörzsöny,8522,8
2204,Nemesgulács,8284,8
2205,Nemeshany,8471,8
2206,Nemeshetés,8925,15
2207,Nemeske,7981,3
2208,Nemeskér,9471,6
2209,Nemeskeresztúr,9548,10
2210,Nemeskisfalud,8717,11
2211,Nemeskocs,9542,10
2212,Nemeskolta,9775,10
2213,Nemesládony,9663,10
2214,Nemesmedves,9953,10
2215,Nemesnádudvar,6345,12
2216,Nemesnép,8976,15
2217,Nemespátró,8856,15
2218,Nemesrádó,8915,15
2219,Nemesrempehollós,9782,10
2220,Nemessándorháza,8925,15
2221,Nemesszalók,9533,8
2222,Nemesszentandrás,8925,15
2223,Nemesvámos,8248,8
2224,Nemesvid,8738,11
2225,Nemesvita,8311,8
2226,Németbánya,8581,8
2227,Németfalu,8918,15
2228,Németkér,7039,18
2229,Nemti,3152,19
2230,Neszmély,2544,9
2231,Nézsa,2618,19
2232,Nick,9652,10
2233,Nikla,8706,11
2234,Nógrád,2642,19
2235,Nógrádkövesd,2691,19
2236,Nógrádmarcal,2675,19
2237,Nógrádmegyer,3132,19
2238,Nógrádsáp,2685,19
2239,Nógrádsipek,3179,19
2240,Nógrádszakál,3187,19
2241,Nóráp,8591,8
2242,Noszlop,8456,8
2243,Noszvaj,3325,4
2244,Nőtincs,2610,15
2245,Nova,8948,4
2246,Novaj,3327,5
2247,Novajidrány,3872,19
2248,Nyalka,9096,6
2249,Nyárád,8512,8
2250,Nyáregyháza,2723,7
2251,Nyárlőrinc,6032,12
2252,Nyársapát,2712,7
2253,Nyékládháza,3433,5
2254,Nyergesújfalu,2537,9
2255,Nyergesújfalu,2536,9
2256,Nyésta,3809,5
2257,Nyim,8612,11
2258,Nyírábrány,4264,17
2259,Nyíracsád,4262,17
2260,Nyirád,8454,8
2261,Nyíradony,4253,17
2262,Nyíradony,4252,17
2263,Nyíradony,4254,17
2264,Nyírbátor,4300,13
2265,Nyírbéltek,4372,13
2266,Nyírbogát,4361,13
2267,Nyírbogdány,4511,13
2268,Nyírcsaholy,4356,13
2269,Nyírcsászári,4331,13
2270,Nyírderzs,4332,13
2271,Nyíregyháza,4405,13
2272,Nyíregyháza,4246,13
2273,Nyíregyháza,4433,13
2274,Nyíregyháza,4412,13
2275,Nyíregyháza,4432,13
2276,Nyíregyháza,4551,13
2277,Nyíregyháza,4431,13
2278,Nyíregyháza,4481,13
2279,Nyíregyháza,4400,13
2280,Nyírgelse,4362,13
2281,Nyírgyulaj,4311,13
2282,Nyíri,3997,5
2283,Nyíribrony,4535,13
2284,Nyírjákó,4541,13
2285,Nyírkarász,4544,13
2286,Nyírkáta,4333,13
2287,Nyírkércs,4537,13
2288,Nyírlövő,4632,13
2289,Nyírlugos,4371,13
2290,Nyírmada,4564,13
2291,Nyírmártonfalva,4263,17
2292,Nyírmeggyes,4722,13
2293,Nyírmihálydi,4363,13
2294,Nyírparasznya,4822,13
2295,Nyírpazony,4531,13
2296,Nyírpilis,4376,13
2297,Nyírtass,4522,13
2298,Nyírtelek,4461,13
2299,Nyírtét,4554,13
2300,Nyírtura,4532,13
2301,Nyírvasvári,4341,13
2302,Nyőgér,9682,5
2303,Nyomár,3795,10
2304,Nyugotszenterzsébet,7912,3
2305,Nyúl,9082,6
2306,Óbánya,7695,3
2307,Óbarok,2063,1
2308,Óbudavár,8272,8
2309,Öcs,8292,7
2310,Ócsa,2364,3
2311,Ócsárd,7814,3
2312,Őcsény,7143,13
2313,Öcsöd,5451,14
2314,Ófalu,7695,15
2315,Ófehértó,4558,16
2316,Óföldeák,6923,3
2317,Óhid,8342,3
2318,Okány,5534,3
2319,Okorág,7957,10
2320,Ököritófülpös,4755,8
2321,Okorvölgy,7681,5
2322,Olasz,7745,13
2323,Olaszfa,9824,13
2324,Olaszfalu,8414,3
2325,Olaszliszka,3933,10
2326,Ölbő,9621,15
2327,Olcsva,4826,5
2328,Olcsvaapáti,4914,5
2329,Old,7824,13
2330,Ólmod,9733,14
2331,Oltárc,8886,15
2332,Ömböly,4373,11
2333,Onga,3562,11
2334,Ónod,3551,12
2335,Ópályi,4821,10
2336,Ópusztaszer,6767,3
2337,Őr,4336,12
2338,Orbányosfa,8935,15
2339,Őrbottyán,2162,5
2340,Orci,7400,16
2341,Ordacsehi,8635,16
2342,Ordas,6335,16
2343,Öregcsertő,6311,16
2344,Öreglak,8697,8
2345,Orfalu,9982,9
2346,Orfű,7677,3
2347,Orgovány,6077,15
2348,Őrhalom,2671,15
2349,Őrimagyarósd,9933,6
2350,Őriszentpéter,9941,10
2351,Örkény,2377,4
2352,Ormándlak,8983,10
2353,Örményes,5222,5
2354,Örménykút,5556,11
2355,Ormosbánya,3743,5
2356,Orosháza,5904,5
2357,Orosháza,5903,5
2358,Orosháza,5905,5
2359,Orosháza,5900,5
2360,Oroszi,8458,5
2361,Oroszlány,2840,5
2362,Oroszló,7370,5
2363,Orosztony,8744,3
2364,Ortaháza,8954,15
2365,Őrtilos,8854,18
2366,Örvényes,8242,8
2367,Ősagárd,2610,18
2368,Ősi,8161,2
2369,Öskü,8191,13
2370,Osli,9354,10
2371,Ostffyasszonyfa,9512,13
2372,Ostoros,3326,13
2373,Oszkó,9825,7
2374,Oszlár,3591,12
2375,Osztopán,7444,11
2376,Öttevény,9153,19
2377,Öttömös,6784,10
2378,Ötvöskónyi,7511,10
2379,Ózd,3604,7
2380,Ózd,3651,2
2381,Ózd,3661,16
2382,Ózd,3603,11
2383,Ózd,3662,8
2384,Ózd,3625,19
2385,Ózd,3621,8
2386,Ózd,3600,8
2387,Ózdfalu,7836,6
2388,Ozmánbük,8998,14
2389,Ozora,7086,11
2390,Pácin,3964,5
2391,Pacsa,8761,15
2392,Pácsony,9823,10
2393,Padár,8935,15
2394,Páhi,6075,12
2395,Páka,8956,15
2396,Pakod,8799,15
2397,Pákozd,8095,1
2398,Paks,7027,18
2399,Paks,7030,18
2400,Palé,7370,3
2401,Pálfa,7042,18
2402,Pálfiszeg,8990,15
2403,Pálháza,3994,5
2404,Páli,9345,6
2405,Palkonya,7771,3
2406,Pálmajor,7561,11
2407,Pálmonostora,6112,12
2408,Palotabozsok,7727,3
2409,Palotás,3042,19
2410,Paloznak,8229,8
2411,Pamlény,3821,5
2412,Pamuk,8698,11
2413,Pánd,2214,7
2414,Pankasz,9937,10
2415,Pannonhalma,9090,6
2416,Pányok,3898,5
2417,Panyola,4913,13
2418,Pap,4631,13
2419,Pápa,8511,8
2420,Pápa,8591,8
2421,Pápa,8598,8
2422,Pápa,8500,8
2423,Pápadereske,8593,8
2424,Pápakovácsi,8596,8
2425,Pápasalamon,8594,8
2426,Pápateszér,8556,8
2427,Papkeszi,8183,8
2428,Pápoc,9515,10
2429,Papos,4338,13
2430,Páprád,7838,3
2431,Parád,3244,4
2432,Parád,3240,4
2433,Parádsasvár,3242,4
2434,Parasznya,3777,5
2435,Paszab,4475,13
2436,Pásztó,3065,19
2437,Pásztó,3082,19
2438,Pásztó,3060,19
2439,Pásztori,9311,6
2440,Pat,8825,15
2441,Patak,2648,19
2442,Patalom,7463,11
2443,Patapoklosi,7923,3
2444,Patca,7477,11
2445,Pátka,8092,1
2446,Patosfa,7536,11
2447,Pátroha,4523,13
2448,Patvarc,2668,19
2449,Páty,2071,7
2450,Pátyod,4766,13
2451,Pázmánd,2476,1
2452,Pázmándfalu,9085,6
2453,Pécel,2119,7
2454,Pecöl,9754,10
2455,Pécs,7693,3
2456,Pécs,7691,3
2457,Pécs,7600,3
2458,Pécs,7621,3
2459,Pécs,7622,3
2460,Pécs,7623,3
2461,Pécs,7624,3
2462,Pécs,7625,3
2463,Pécs,7626,3
2464,Pécs,7627,3
2465,Pécs,7628,3
2466,Pécs,7629,3
2467,Pécs,7630,3
2468,Pécs,7631,3
2469,Pécs,7632,3
2470,Pécs,7633,3
2471,Pécs,7634,3
2472,Pécs,7635,3
2473,Pécs,7636,3
2474,Pécsbagota,7951,3
2475,Pécsdevecser,7766,3
2476,Pécsely,8245,8
2477,Pécsudvard,7762,3
2478,Pécsvárad,7720,3
2479,Pellérd,7831,3
2480,Pély,3381,4
2481,Penc,2614,7
2482,Penészlek,4267,13
2483,Penyige,4941,8
2484,Pénzesgyőr,8426,13
2485,Pér,9099,6
2486,Perbál,2074,7
2487,Pere,3853,5
2488,Perecse,3821,5
2489,Pereked,7664,3
2490,Perenye,9722,10
2491,Peresznye,9734,10
2492,Pereszteg,9484,6
2493,Perkáta,2431,1
2494,Perkupa,3756,5
2495,Perőcsény,2637,7
2496,Peterd,7766,3
2497,Péterhida,7582,11
2498,Péteri,2209,7
2499,Pétervására,3250,4
2500,Pétfürdő,8105,8
2501,Pethőhenye,8921,15
2502,Petneháza,4542,13
2503,Petőfibánya,3023,4
2504,Petőfiszállás,6113,12
2505,Petőháza,9443,6
2506,Petőmihályfa,9826,10
2507,Petrikeresztúr,8984,15
2508,Petrivente,8866,15
2509,Pettend,7980,3
2510,Piliny,3134,19
2511,Pilis,2721,7
2512,Pilisborosjenő,2097,7
2513,Piliscsaba,2087,7
2514,Piliscsaba,2081,7
2515,Piliscsév,2519,9
2516,Pilisjászfalu,2080,7
2517,Pilismarót,2028,9
2518,Pilisszántó,2095,7
2519,Pilisszentiván,2084,7
2520,Pilisszentkereszt,2099,7
2521,Pilisszentkereszt,2098,7
2522,Pilisszentlászló,2009,7
2523,Pilisvörösvár,2085,7
2524,Pincehely,7084,18
2525,Pinkamindszent,9922,10
2526,Pinnye,9481,6
2527,Piricse,4375,13
2528,Pirtó,6414,12
2529,Piskó,7838,3
2530,Pitvaros,6914,14
2531,Pócsa,7756,3
2532,Pocsaj,4125,17
2533,Pócsmegyer,2017,7
2534,Pócspetri,4327,13
2535,Pogány,7666,3
2536,Pogányszentpéter,8728,11
2537,Pókaszepetk,8932,15
2538,Polány,7458,11
2539,Polgár,4090,17
2540,Polgárdi,8153,1
2541,Polgárdi,8155,1
2542,Polgárdi,8154,1
2543,Pölöske,8929,7
2544,Pölöskefő,8773,13
2545,Pomáz,2013,10
2546,Pörböly,7142,4
2547,Porcsalma,4761,10
2548,Pördefölde,8956,11
2549,Pornóapáti,9796,11
2550,Poroszló,3388,11
2551,Porpác,9612,15
2552,Porrog,8858,8
2553,Porrogszentkirály,8858,10
2554,Porrogszentpál,8858,11
2555,Pórszombat,8986,6
2556,Porva,8429,15
2557,Pósfa,9636,15
2558,Potony,7977,18
2559,Pötréte,8767,15
2560,Potyond,9324,15
2561,Prügy,3925,5
2562,Pula,8291,8
2563,Püski,9235,15
2564,Püspökhatvan,2682,19
2565,Püspökladány,4150,6
2566,Püspökmolnári,9776,10
2567,Püspökszilágy,2166,13
2568,Pusztaapáti,8986,15
2569,Pusztaberki,2658,5
2570,Pusztacsalád,9373,16
2571,Pusztacsó,9739,18
2572,Pusztadobos,4565,11
2573,Pusztaederics,8946,15
2574,Pusztafalu,3995,14
2575,Pusztaföldvár,5919,8
2576,Pusztahencse,7038,2
2577,Pusztakovácsi,8707,16
2578,Pusztamagyaród,8895,5
2579,Pusztamérges,6785,1
2580,Pusztamiske,8455,11
2581,Pusztamonostor,5125,15
2582,Pusztaottlaka,5665,14
2583,Pusztaradvány,3874,7
2584,Pusztaszabolcs,2490,1
2585,Pusztaszemes,8619,7
2586,Pusztaszentlászló,8896,5
2587,Pusztaszer,6769,6
2588,Pusztavacs,2378,7
2589,Pusztavám,8066,17
2590,Pusztazámor,2039,10
2591,Putnok,3630,7
2592,Rábacsanak,9313,6
2593,Rábacsécsény,9136,6
2594,Rábagyarmat,9961,10
2595,Rábahidvég,9777,10
2596,Rábakecöl,9344,6
2597,Rábapatona,9142,6
2598,Rábapaty,9641,10
2599,Rábapordány,9146,6
2600,Rábasebes,9327,6
2601,Rábaszentandrás,9316,6
2602,Rábaszentmihály,9135,6
2603,Rábaszentmiklós,9133,6
2604,Rábatamási,9322,6
2605,Rábatöttös,9766,10
2606,Rábcakapi,9165,6
2607,Rácalmás,2459,1
2608,Ráckeresztúr,2465,1
2609,Ráckeve,2300,7
2610,Rád,2613,7
2611,Rádfalva,7817,3
2612,Rádóckölked,9784,10
2613,Radostyán,3776,5
2614,Ragály,3724,5
2615,Rajka,9224,6
2616,Rakaca,3825,5
2617,Rakacaszend,3826,5
2618,Rakamaz,4465,13
2619,Rákóczifalva,5085,2
2620,Rákócziújfalu,5084,2
2621,Ráksi,7464,11
2622,Ramocsa,8973,15
2623,Ramocsaháza,4536,13
2624,Rápolt,4756,13
2625,Raposka,8300,8
2626,Rásonysápberencs,3833,5
2627,Rátka,3908,5
2628,Rátót,9951,10
2629,Ravazd,9091,6
2630,Recsk,3245,4
2631,Réde,2886,9
2632,Rédics,8978,15
2633,Regéc,3893,5
2634,Regenye,7833,3
2635,Regöly,7193,18
2636,Rém,6446,12
2637,Remeteszőlős,2094,7
2638,Répáshuta,3559,5
2639,Répcelak,9653,10
2640,Répceszemere,9375,6
2641,Répceszentgyörgy,9623,10
2642,Répcevis,9475,6
2643,Resznek,8977,15
2644,Rétalap,9074,6
2645,Rétközberencs,4525,13
2646,Rétság,2651,19
2647,Révfülöp,8253,8
2648,Révleányvár,3976,5
2649,Rezi,8373,15
2650,Ricse,3974,5
2651,Rigács,8348,8
2652,Rigyác,8883,15
2653,Rimóc,3177,19
2654,Rinyabesenyő,7552,11
2655,Rinyakovácsi,7527,11
2656,Rinyaszentkirály,7513,11
2657,Rinyaújlak,7556,11
2658,Rinyaújnép,7584,11
2659,Rohod,4563,13
2660,Röjtökmuzsaj,9451,8
2661,Románd,8434,19
2662,Romhány,2654,3
2663,Romonya,7743,3
2664,Rönök,9954,13
2665,Röszke,6758,4
2666,Rózsafa,7914,6
2667,Rozsály,4971,10
2668,Rózsaszentmárton,3033,14
2669,Rudabánya,3733,5
2670,Rudolftelep,3742,5
2671,Rum,9766,10
2672,Ruzsa,6786,14
2673,Ságújfalu,3162,19
2674,Ságvár,8654,11
2675,Sajóbábony,3792,5
2676,Sajóecseg,3793,5
2677,Sajógalgóc,3636,5
2678,Sajóhidvég,3576,5
2679,Sajóivánka,3720,5
2680,Sajókápolna,3773,5
2681,Sajókaza,3720,5
2682,Sajókeresztúr,3791,5
2683,Sajólád,3572,5
2684,Sajólászlófalva,3773,5
2685,Sajómercse,3656,5
2686,Sajónémeti,3652,5
2687,Sajóörös,3586,5
2688,Sajópálfala,3714,5
2689,Sajópetri,3573,5
2690,Sajópüspöki,3653,5
2691,Sajósenye,3712,5
2692,Sajószentpéter,3770,5
2693,Sajószöged,3599,5
2694,Sajóvámos,3712,5
2695,Sajóvelezd,3656,5
2696,Sajtoskál,9632,10
2697,Salföld,8256,8
2698,Salgótarján,3102,19
2699,Salgótarján,3109,19
2700,Salgótarján,3121,19
2701,Salgótarján,3104,19
2702,Salgótarján,3141,19
2703,Salgótarján,3100,19
2704,Salköveskút,9742,10
2705,Salomvár,8995,15
2706,Sály,3425,5
2707,Sámod,7841,3
2708,Sámsonháza,3074,19
2709,Sand,8824,15
2710,Sándorfalva,6762,14
2711,Sántos,7479,11
2712,Sáp,4176,17
2713,Sáránd,4272,17
2714,Sárazsadány,3942,5
2715,Sárbogárd,7018,1
2716,Sárbogárd,7019,1
2717,Sárbogárd,7003,1
2718,Sárbogárd,7000,1
2719,Sáregres,7014,1
2720,Sárfimizdó,9813,10
2721,Sárhida,8944,15
2722,Sárisáp,2523,9
2723,Sarkad,5720,16
2724,Sarkadkeresztúr,5731,16
2725,Sárkeresztes,8051,1
2726,Sárkeresztúr,8125,1
2727,Sárkeszi,8144,1
2728,Sármellék,8391,15
2729,Sárok,7781,3
2730,Sárosd,2433,1
2731,Sárospatak,3952,5
2732,Sárospatak,3950,5
2733,Sárpilis,7145,18
2734,Sárrétudvari,4171,17
2735,Sarród,9434,6
2736,Sarród,9435,6
2737,Sárszentágota,8126,1
2738,Sárszentlőrinc,7047,18
2739,Sárszentmihály,8141,1
2740,Sárszentmihály,8143,1
2741,Sarud,3386,4
2742,Sárvár,9609,10
2743,Sárvár,9608,10
2744,Sárvár,9600,10
2745,Sásd,7370,3
2746,Sáska,8308,8
2747,Sáta,3659,5
2748,Sátoraljaújhely,3944,5
2749,Sátoraljaújhely,3945,5
2750,Sátoraljaújhely,3988,5
2751,Sátoraljaújhely,3980,5
2752,Sátorhely,7785,3
2753,Sávoly,8732,11
2754,Sé,9789,10
2755,Segesd,7562,11
2756,Sellye,7960,3
2757,Selyeb,3809,5
2758,Semjén,3974,5
2759,Semjénháza,8862,15
2760,Sénye,8788,15
2761,Sényő,4533,13
2762,Seregélyes,8111,1
2763,Serényfalva,3729,5
2764,Sérsekszőlős,8660,11
2765,Sikátor,8439,8
2766,Siklós,7818,3
2767,Siklós,7800,3
2768,Siklósbodony,7814,3
2769,Siklósnagyfalu,7823,3
2770,Sima,3881,5
2771,Simaság,9633,10
2772,Simonfa,7474,11
2773,Simontornya,7081,18
2774,Sióagárd,7171,18
2775,Siófok,8611,11
2776,Siófok,8609,11
2777,Siófok,8600,11
2778,Siójut,8652,11
2779,Sirok,3332,4
2780,Sitke,9671,10
2781,Sobor,9315,6
2782,Söjtör,8897,6
2783,Sokorópátka,9112,12
2784,Solt,6320,12
2785,Soltszentimre,6223,12
2786,Soltvadkert,6230,8
2787,Sóly,8193,7
2788,Solymár,2083,11
2789,Som,8655,3
2790,Somberek,7728,8
2791,Somlójenő,8478,8
2792,Somlószőlős,8483,8
2793,Somlóvásárhely,8481,8
2794,Somlóvecse,8484,11
2795,Somodor,7454,11
2796,Somogyacsa,7283,3
2797,Somogyapáti,7922,11
2798,Somogyaracs,7584,11
2799,Somogyaszaló,7452,11
2800,Somogybabod,8684,11
2801,Somogybükkösd,8858,11
2802,Somogycsicsó,8726,11
2803,Somogydöröcske,7284,11
2804,Somogyegres,8666,11
2805,Somogyfajsz,8708,11
2806,Somogygeszti,7455,3
2807,Somogyhárságy,7925,3
2808,Somogyhatvan,7921,11
2809,Somogyjád,7443,11
2810,Somogymeggyes,8673,11
2811,Somogysámson,8733,11
2812,Somogysárd,7435,11
2813,Somogysimonyi,8737,11
2814,Somogyszentpál,8705,11
2815,Somogyszil,7276,11
2816,Somogyszob,7563,11
2817,Somogytúr,8683,11
2818,Somogyudvarhely,7515,11
2819,Somogyvámos,8699,11
2820,Somogyvár,8698,3
2821,Somogyviszló,7924,11
2822,Somogyzsitfa,8734,13
2823,Sonkád,4954,1
2824,Soponya,8123,6
2825,Sopron,9494,6
2826,Sopron,9408,6
2827,Sopron,9407,6
2828,Sopron,9400,6
2829,Sopronhorpács,9463,6
2830,Sopronkövesd,9483,6
2831,Sopronnémeti,9325,10
2832,Söpte,9743,10
2833,Söréd,8072,15
2834,Sorkifalud,9774,10
2835,Sorkikápolna,9774,19
2836,Sormás,8881,7
2837,Sorokpolány,9773,5
2838,Sóshartyán,3131,3
2839,Sóskút,2038,10
2840,Sóstófalva,3716,15
2841,Sósvertike,7960,10
2842,Sótony,9681,1
2843,Sukoró,8096,1
2844,Sükösd,6346,3
2845,Sülysáp,2242,9
2846,Sülysáp,2241,15
2847,Sümeg,8330,12
2848,Sümegcsehi,8357,7
2849,Sümegprága,8351,7
2850,Sumony,7960,8
2851,Súr,2889,15
2852,Surd,8856,8
2853,Süttő,2543,9
2854,Szabadbattyán,8151,1
2855,Szabadegyháza,2432,1
2856,Szabadhidvég,8139,1
2857,Szabadhidvég,8138,1
2858,Szabadi,7253,11
2859,Szabadkígyós,5712,16
2860,Szabadszállás,6080,12
2861,Szabadszentkirály,7951,3
2862,Szabás,7544,11
2863,Szabolcs,4467,13
2864,Szabolcsbáka,4547,13
2865,Szabolcsveresmart,4496,13
2866,Szada,2111,7
2867,Szágy,7383,3
2868,Szajk,7753,3
2869,Szajla,3334,4
2870,Szajol,5081,2
2871,Szakácsi,3786,5
2872,Szakadát,7071,18
2873,Szakáld,3596,5
2874,Szakály,7192,18
2875,Szakcs,7213,18
2876,Szakmár,6336,12
2877,Szaknyér,9934,10
2878,Szakoly,4234,13
2879,Szakony,9474,6
2880,Szakonyfalu,9983,10
2881,Szákszend,2856,9
2882,Szalafő,9942,10
2883,Szalánta,7811,3
2884,Szalapa,8341,15
2885,Szalaszend,3863,5
2886,Szalatnak,7334,3
2887,Szálka,7121,18
2888,Szalkszentmárton,6086,12
2889,Szalmatercs,3163,19
2890,Szalonna,3754,5
2891,Szamosangyalos,4767,13
2892,Szamosbecs,4745,13
2893,Szamoskér,4721,13
2894,Szamossályi,4735,13
2895,Szamosszeg,4824,13
2896,Szamostatárfalva,4746,13
2897,Szamosújlak,4734,13
2898,Szanda,2697,19
2899,Szank,6131,12
2900,Szántód,8622,11
2901,Szany,9317,6
2902,Szápár,8423,8
2903,Szaporca,7843,3
2904,Szár,2066,1
2905,Szárász,7184,3
2906,Szárazd,7063,18
2907,Szárföld,9353,6
2908,Szárliget,2067,9
2909,Szarvas,5540,16
2910,Szarvasgede,3051,19
2911,Szarvaskend,9913,10
2912,Szászberek,5053,2
2913,Szászfa,3821,5
2914,Szászvár,7349,3
2915,Szatmárcseke,4945,13
2916,Szátok,2656,19
2917,Szatta,9938,10
2918,Szatymaz,6763,14
2919,Szava,7813,3
2920,Százhalombatta,2440,7
2921,Szebény,7725,3
2922,Szécsénke,2692,19
2923,Szécsény,3170,19
2924,Szécsényfelfalu,3135,19
2925,Szécsisziget,8879,15
2926,Szederkény,7751,3
2927,Szedres,7056,18
2928,Szeged,6757,14
2929,Szeged,6791,14
2930,Szeged,6710,14
2931,Szeged,6771,14
2932,Szeged,6753,14
2933,Szeged,6700,14
2934,Szeged,6720,14
2935,Szeged,6721,14
2936,Szeged,6722,14
2937,Szeged,6723,14
2938,Szeged,6724,14
2939,Szeged,6725,14
2940,Szeged,6726,14
2941,Szeged,6727,14
2942,Szeged,6728,14
2943,Szeged,6729,14
2944,Szegerdő,8732,11
2945,Szeghalom,5520,16
2946,Szegi,3918,5
2947,Szegilong,3918,5
2948,Szegvár,6635,14
2949,Székely,4534,13
2950,Székelyszabar,7737,3
2951,Székesfehérvár,8019,1
2952,Székesfehérvár,8000,1
2953,Székkutas,6821,14
2954,Szekszárd,7100,18
2955,Szeleste,9622,10
2956,Szelevény,5476,2
2957,Szellő,7661,3
2958,Szemely,7763,3
2959,Szemenye,9685,10
2960,Szemere,3866,5
2961,Szendehely,2640,19
2962,Szendrő,3752,5
2963,Szendrőlád,3751,5
2964,Szenna,7477,11
2965,Szenta,8849,11
2966,Szentantalfa,8272,8
2967,Szentbalázs,7472,11
2968,Szentbékkálla,8281,8
2969,Szentborbás,7918,11
2970,Szentdénes,7913,3
2971,Szentdomonkos,3259,4
2972,Szente,2655,19
2973,Szentegát,7915,3
2974,Szentendre,2000,7
2975,Szentes,6600,14
2976,Szentgál,8444,8
2977,Szentgáloskér,7465,11
2978,Szentgotthárd,9981,10
2979,Szentgotthárd,9955,10
2980,Szentgotthárd,9970,10
2981,Szentgyörgyvár,8393,15
2982,Szentgyörgyvölgy,8975,15
2983,Szentimrefalva,8475,8
2984,Szentistván,3418,5
2985,Szentistvánbaksa,3844,5
2986,Szentjakabfa,8272,8
2987,Szentkatalin,7681,3
2988,Szentkirály,6031,12
2989,Szentkirályszabadja,8225,8
2990,Szentkozmadombja,8947,15
2991,Szentlászló,7936,3
2992,Szentliszló,8893,15
2993,Szentlőrinc,7940,3
2994,Szentlőrinckáta,2255,7
2995,Szentmargitfalva,8872,15
2996,Szentmártonkáta,2254,7
2997,Szentpéterfa,9799,10
2998,Szentpéterfölde,8953,15
2999,Szentpéterszeg,4121,17
3000,Szentpéterúr,8762,15
3001,Szenyér,8717,11
3002,Szepetnek,8861,15
3003,Szerecseny,9125,6
3004,Szeremle,6512,12
3005,Szerencs,3900,5
3006,Szerep,4162,17
3007,Szerep,4163,17
3008,Szergény,9523,10
3009,Szigetbecse,2321,7
3010,Szigetcsép,2317,7
3011,Szigethalom,2315,7
3012,Szigetmonostor,2015,7
3013,Szigetszentmárton,2318,7
3014,Szigetszentmiklós,2310,7
3015,Szigetújfalu,2319,7
3016,Szigetvár,7900,3
3017,Szigliget,8264,8
3018,Szihalom,3377,4
3019,Szijártóháza,8969,15
3020,Szikszó,3800,5
3021,Szil,9326,6
3022,Szilágy,7664,3
3023,Szilaspogony,3125,19
3024,Szilsárkány,9312,6
3025,Szilvágy,8986,15
3026,Szilvás,7811,3
3027,Szilvásszentmárton,7477,4
3028,Szilvásvárad,3348,11
3029,Szin,3761,5
3030,Szinpetri,3761,5
3031,Szirák,3044,19
3032,Szirmabesenyő,3711,5
3033,Szob,2628,7
3034,Szőc,8452,7
3035,Szőce,9935,11
3036,Sződ,2134,2
3037,Sződliget,2133,2
3038,Szögliget,3762,10
3039,Szőke,7833,10
3040,Szőkéd,7763,10
3041,Szőkedencs,8736,9
3042,Szokolya,2624,5
3043,Szólád,8625,9
3044,Szolnok,5008,11
3045,Szolnok,5000,8
3046,Szőlősardó,3757,10
3047,Szőlősgyörök,8692,7
3048,Szombathely,9707,7
3049,Szombathely,9719,5
3050,Szombathely,9700,3
3051,Szomód,2896,3
3052,Szomolya,3411,11
3053,Szomor,2822,5
3054,Szörény,7976,11
3055,Szorosad,7285,3
3056,Szúcs,3341,4
3057,Szűcsi,3034,19
3058,Szügy,2699,5
3059,Szuha,3154,5
3060,Szuhafő,3726,5
3061,Szuhakálló,3731,3
3062,Szuhogy,3734,11
3063,Szulimán,7932,19
3064,Szulok,7539,4
3065,Szűr,7735,19
3066,Szurdokpüspöki,3064,3
3067,Tab,8660,11
3068,Tabajd,8088,1
3069,Tabdi,6224,12
3070,Táborfalva,2381,7
3071,Tác,8121,1
3072,Tagyon,8272,8
3073,Tahitótfalu,2022,7
3074,Tahitótfalu,2021,7
3075,Takácsi,8541,8
3076,Tákos,4845,13
3077,Taksony,2335,7
3078,Taktabáj,3926,5
3079,Taktaharkány,3922,5
3080,Taktakenéz,3924,5
3081,Taktaszada,3921,5
3082,Taliándörögd,8295,8
3083,Tállya,3907,5
3084,Tamási,7091,18
3085,Tamási,7090,18
3086,Tanakajd,9762,10
3087,Táp,9095,6
3088,Tápióbicske,2764,7
3089,Tápiógyörgye,2767,7
3090,Tápióság,2253,7
3091,Tápiószecső,2251,7
3092,Tápiószele,2766,7
3093,Tápiószentmárton,2711,7
3094,Tápiószőlős,2769,7
3095,Táplánszentkereszt,9761,10
3096,Tapolca,8297,8
3097,Tapolca,8300,8
3098,Tapsony,8718,11
3099,Tápszentmiklós,9094,6
3100,Tar,3073,19
3101,Tarany,7514,11
3102,Tarcal,3915,5
3103,Tard,3416,5
3104,Tardona,3644,5
3105,Tardos,2834,9
3106,Tarhos,5641,16
3107,Tarján,2831,9
3108,Tarjánpuszta,9092,6
3109,Tárkány,2945,9
3110,Tarnabod,3369,4
3111,Tarnalelesz,3258,4
3112,Tarnaméra,3284,4
3113,Tarnaörs,3294,4
3114,Tarnaszentmária,3331,4
3115,Tarnaszentmiklós,3382,4
3116,Tarnazsadány,3283,4
3117,Tárnok,2461,7
3118,Tárnokréti,9165,6
3119,Tarpa,4931,13
3120,Tarrós,7362,3
3121,Táska,8696,11
3122,Tass,6098,12
3123,Taszár,7261,11
3124,Tát,2534,9
3125,Tata,2835,9
3126,Tata,2890,9
3127,Tatabánya,2800,9
3128,Tataháza,6451,12
3129,Tatárszentgyörgy,2375,7
3130,Tázlár,6236,12
3131,Téglás,4243,17
3132,Tékes,7381,3
3133,Teklafalu,7973,3
3134,Telekes,9812,10
3135,Telekgerendás,5675,16
3136,Teleki,8626,11
3137,Telki,2089,7
3138,Telkibánya,3896,5
3139,Tengelic,7054,18
3140,Tengeri,7834,3
3141,Tengőd,8668,11
3142,Tenk,3359,4
3143,Tényő,9111,6
3144,Tépe,4132,17
3145,Terem,4342,13
3146,Terény,2696,19
3147,Tereske,2652,19
3148,Teresztenye,3757,5
3149,Terpes,3334,4
3150,Tés,8109,8
3151,Tésa,2635,7
3152,Tésenfa,7843,3
3153,Téseny,7834,3
3154,Teskánd,8991,15
3155,Tét,9100,6
3156,Tetétlen,4184,17
3157,Tevel,7181,18
3158,Tibolddaróc,3423,5
3159,Tiborszállás,4353,13
3160,Tihany,8237,8
3161,Tikos,8731,11
3162,Tilaj,8782,15
3163,Timár,4466,13
3164,Tinnye,2086,7
3165,Tiszaadony,4833,13
3166,Tiszaalpár,6066,12
3167,Tiszaalpár,6067,12
3168,Tiszabábolna,3465,5
3169,Tiszabecs,4951,13
3170,Tiszabercel,4474,13
3171,Tiszabezdéd,4624,13
3172,Tiszabő,5232,2
3173,Tiszabura,5235,2
3174,Tiszacsécse,4947,13
3175,Tiszacsege,4066,17
3176,Tiszacsermely,3972,5
3177,Tiszadada,4455,13
3178,Tiszaderzs,5243,2
3179,Tiszadob,4456,13
3180,Tiszadorogma,3466,5
3181,Tiszaeszlár,4446,13
3182,Tiszaeszlár,4464,13
3183,Tiszaföldvár,5461,2
3184,Tiszaföldvár,5430,2
3185,Tiszafüred,5359,2
3186,Tiszafüred,5358,2
3187,Tiszafüred,5244,2
3188,Tiszafüred,5350,2
3189,Tiszagyenda,5233,2
3190,Tiszagyulaháza,4097,17
3191,Tiszaigar,5361,2
3192,Tiszainoka,5464,2
3193,Tiszajenő,5094,2
3194,Tiszakanyár,4493,13
3195,Tiszakarád,3971,5
3196,Tiszakécske,6062,12
3197,Tiszakécske,6060,12
3198,Tiszakerecseny,4834,13
3199,Tiszakeszi,3458,5
3200,Tiszakóród,4946,13
3201,Tiszakürt,5472,2
3202,Tiszakürt,5471,2
3203,Tiszaladány,3929,5
3204,Tiszalök,4447,13
3205,Tiszalök,4450,13
3206,Tiszalúc,3565,5
3207,Tiszamogyorós,4645,13
3208,Tiszanagyfalu,4463,13
3209,Tiszanána,3385,4
3210,Tiszaörs,5362,2
3211,Tiszapalkonya,3587,5
3212,Tiszapüspöki,5211,2
3213,Tiszarád,4503,13
3214,Tiszaroff,5234,2
3215,Tiszasas,5474,2
3216,Tiszasüly,5061,2
3217,Tiszaszalka,4831,13
3218,Tiszaszentimre,5323,2
3219,Tiszaszentimre,5322,2
3220,Tiszaszentmárton,4628,13
3221,Tiszasziget,6756,14
3222,Tiszatardos,3928,5
3223,Tiszatarján,3589,5
3224,Tiszatelek,4486,13
3225,Tiszatelek,4487,13
3226,Tiszatenyő,5082,2
3227,Tiszaug,6064,12
3228,Tiszaújváros,3580,5
3229,Tiszavalk,3464,5
3230,Tiszavárkony,5095,2
3231,Tiszavárkony,5092,2
3232,Tiszavasvári,4440,13
3233,Tiszavid,4832,13
3234,Tisztaberek,4969,13
3235,Tivadar,4921,13
3236,Tóalmás,2252,7
3237,Tófalu,3354,4
3238,Tófej,8946,15
3239,Tófű,7348,3
3240,Tök,2073,5
3241,Tokaj,3910,9
3242,Tokod,2531,9
3243,Tokodaltáró,2532,10
3244,Tököl,2316,5
3245,Tokorcs,9561,17
3246,Tolcsva,3934,19
3247,Told,4117,18
3248,Tolmács,2657,18
3249,Tolna,7131,18
3250,Tolna,7130,2
3251,Tolnanémedi,7083,5
3252,Töltéstava,9086,12
3253,Tomajmonostora,5324,10
3254,Tomor,3787,1
3255,Tömörd,9738,15
3256,Tömörkény,6646,3
3257,Tompa,6422,10
3258,Tompaládony,9662,5
3259,Tordas,2463,5
3260,Tormafölde,8876,5
3261,Tormás,7383,5
3262,Tormásliget,9736,5
3263,Tornabarakony,3765,15
3264,Tornakápolna,3761,5
3265,Tornanádaska,3767,13
3266,Tornaszentandrás,3765,10
3267,Tornaszentjakab,3769,11
3268,Tornyiszentmiklós,8877,2
3269,Tornyosnémeti,3877,16
3270,Tornyospálca,4642,3
3271,Törökbálint,2045,15
3272,Törökkoppány,7285,15
3273,Törökszentmiklós,5212,11
3274,Törökszentmiklós,5200,8
3275,Torony,9791,7
3276,Törtel,2747,7
3277,Torvaj,8660,6
3278,Tószeg,5091,10
3279,Tótkomlós,5940,14
3280,Tótszentgyörgy,7981,7
3281,Tótszentmárton,8865,11
3282,Tótszerdahely,8864,2
3283,Töttös,7755,2
3284,Tótújfalu,7918,7
3285,Tótvázsony,8246,3
3286,Trizs,3724,5
3287,Tunyogmatolcs,4731,13
3288,Tura,2194,7
3289,Túristvándi,4944,13
3290,Türje,8796,2
3291,Túrkeve,5420,3
3292,Túrony,7811,13
3293,Túrricse,4968,13
3294,Tüskevár,8477,15
3295,Tuzsér,4623,8
3296,Tyukod,4762,13
3297,Udvar,7718,3
3298,Udvari,7066,18
3299,Ugod,8564,8
3300,Újbarok,2066,1
3301,Újcsanálos,3716,5
3302,Újdombrád,4491,13
3303,Újfehértó,4244,13
3304,Újhartyán,2367,7
3305,Újiráz,4146,17
3306,Újireg,7095,18
3307,Újkenéz,4635,13
3308,Újkér,9472,6
3309,Újkígyós,5661,16
3310,Újlengyel,2724,7
3311,Újléta,4288,17
3312,Újlőrincfalva,3387,4
3313,Újpetre,7766,3
3314,Újrónafő,9244,6
3315,Újsolt,6320,12
3316,Újszalonta,5727,16
3317,Újszász,5052,2
3318,Újszentiván,6754,14
3319,Újszentmargita,4065,17
3320,Újszilvás,2768,7
3321,Újtelek,6337,12
3322,Újtikos,4096,17
3323,Újudvar,8778,15
3324,Újvárfalva,7436,11
3325,Ukk,8347,8
3326,Üllés,6794,6
3327,Üllő,2225,9
3328,Und,9464,5
3329,Úny,2528,13
3330,Uppony,3622,10
3331,Ura,4763,1
3332,Uraiújfalu,9651,7
3333,Úrhida,8142,8
3334,Úri,2244,13
3335,Úrkút,8409,12
3336,Üröm,2096,8
3337,Uszka,4952,14
3338,Uszód,6332,7
3339,Uzsa,8321,7
3340,Vác,2600,7
3341,Vácduka,2167,7
3342,Vácegres,2184,7
3343,Váchartyán,2164,7
3344,Váckisújfalu,2185,7
3345,Vácrátót,2163,7
3346,Vácszentlászló,2115,7
3347,Vadna,3636,5
3348,Vadosfa,9346,6
3349,Vág,9327,6
3350,Vágáshuta,3992,5
3351,Vaja,4562,13
3352,Vajdácska,3961,5
3353,Vajszló,7838,3
3354,Vajta,7041,1
3355,Vál,2473,1
3356,Valkó,2114,7
3357,Valkonya,8885,15
3358,Vállaj,4351,13
3359,Vállus,8316,15
3360,Vámosatya,4936,13
3361,Vámoscsalád,9665,10
3362,Vámosgyörk,3291,4
3363,Vámosmikola,2635,7
3364,Vámosoroszi,4966,13
3365,Vámospércs,4287,17
3366,Vámosszabadi,9061,5
3367,Vámosújfalu,3941,6
3368,Váncsod,4119,17
3369,Vanyarc,2688,19
3370,Vanyola,8552,8
3371,Várad,7973,3
3372,Váralja,7354,18
3373,Varászló,8723,11
3374,Váraszó,3254,4
3375,Várbalog,9243,6
3376,Varbó,3778,5
3377,Varbóc,3756,5
3378,Várda,7442,11
3379,Várdomb,7146,18
3380,Várfölde,8891,15
3381,Varga,7370,3
3382,Várgesztes,2824,9
3383,Várkesző,8523,8
3384,Várong,7214,18
3385,Városföld,6033,12
3386,Városlőd,8445,8
3387,Várpalota,8103,8
3388,Várpalota,8104,8
3389,Várpalota,8100,8
3390,Varsád,7067,18
3391,Varsány,3178,19
3392,Várvölgy,8316,15
3393,Vasad,2211,7
3394,Vasalja,9921,10
3395,Vásárosbéc,7926,3
3396,Vásárosdombó,7362,3
3397,Vásárosfalu,9343,6
3398,Vásárosmiske,9552,10
3399,Vásárosnamény,4803,13
3400,Vásárosnamény,4804,13
3401,Vásárosnamény,4800,13
3402,Vasasszonyfa,9744,10
3403,Vasboldogasszony,8914,15
3404,Vasegerszeg,9661,10
3405,Vashosszúfalu,9674,10
3406,Vaskeresztes,9795,10
3407,Vaskút,6521,12
3408,Vasmegyer,4502,13
3409,Vaspör,8998,15
3410,Vassurány,9741,10
3411,Vászoly,8245,8
3412,Vasszécseny,9763,10
3413,Vasszentmihály,9953,10
3414,Vasszilvágy,9747,10
3415,Vasvár,9800,10
3416,Vaszar,8542,8
3417,Vát,9748,10
3418,Vatta,3431,5
3419,Vázsnok,7370,3
3420,Vécs,3265,4
3421,Vecsés,2220,7
3422,Végegyháza,5811,16
3423,Vejti,7838,3
3424,Vékény,7333,3
3425,Vekerd,4143,17
3426,Velem,9726,10
3427,Velemér,9946,10
3428,Velence,2481,1
3429,Velény,7951,3
3430,Véménd,7726,3
3431,Vének,9062,6
3432,Vép,9751,10
3433,Vereb,2477,1
3434,Veresegyház,2112,7
3435,Verőce,2621,7
3436,Verpelét,3351,4
3437,Verseg,2174,7
3438,Versend,7752,3
3439,Vértesacsa,8089,1
3440,Vértesboglár,8085,1
3441,Vérteskethely,2859,9
3442,Vértessomló,2823,9
3443,Vértestolna,2833,9
3444,Vértesszőlős,2837,9
3445,Vése,8721,11
3446,Veszkény,9352,6
3447,Veszprém,8412,8
3448,Veszprém,8411,8
3449,Veszprém,8200,8
3450,Veszprémfajsz,8248,8
3451,Veszprémgalsa,8475,8
3452,Veszprémvarsány,8438,8
3453,Vésztő,5530,16
3454,Vezseny,5093,2
3455,Vid,8484,8
3456,Vigántpetend,8294,8
3457,Villány,7773,3
3458,Villánykövesd,7772,3
3459,Vilmány,3891,5
3460,Vilonya,8194,8
3461,Vilyvitány,3991,5
3462,Vinár,9535,8
3463,Vindornyafok,8354,15
3464,Vindornyalak,8353,15
3465,Vindornyaszőlős,8355,15
3466,Visegrád,2026,7
3467,Visegrád,2025,7
3468,Visnye,7533,11
3469,Visonta,3272,4
3470,Visonta,3271,4
3471,Viss,3956,5
3472,Visz,8681,11
3473,Viszák,9932,10
3474,Viszló,3825,5
3475,Visznek,3293,4
3476,Vitnyéd,9371,6
3477,Vízvár,7588,11
3478,Vizslás,3128,19
3479,Vizsoly,3888,5
3480,Vokány,7768,3
3481,Vonyarcvashegy,8314,15
3482,Vöckönd,8931,15
3483,Völcsej,9462,6
3484,Vönöck,9516,10
3485,Vöröstó,8291,8
3486,Vörs,8711,11
3487,Zabar,3124,19
3488,Zádor,7976,3
3489,Zádorfalva,3726,5
3490,Zagyvarékas,5051,2
3491,Zagyvaszántó,3031,4
3492,Záhony,4625,13
3493,Zajk,8868,15
3494,Zajta,4974,13
3495,Zákány,8853,11
3496,Zákányszék,6787,14
3497,Zala,8660,11
3498,Zalaapáti,8741,15
3499,Zalabaksa,8971,15
3500,Zalabér,8798,15
3501,Zalaboldogfa,8992,15
3502,Zalacsány,8782,15
3503,Zalacséb,8996,15
3504,Zalaegerszeg,8900,15
3505,Zalaerdőd,8344,8
3506,Zalagyömörő,8349,8
3507,Zalahaláp,8308,8
3508,Zalaháshágy,8997,15
3509,Zalaigrice,8761,15
3510,Zalaistvánd,8932,15
3511,Zalakaros,8749,15
3512,Zalakomár,8751,15
3513,Zalakomár,8752,15
3514,Zalaköveskút,8354,15
3515,Zalalövő,8999,15
3516,Zalameggyes,8348,8
3517,Zalamerenye,8747,15
3518,Zalasárszeg,8756,15
3519,Zalaszabar,8743,15
3520,Zalaszántó,8353,15
3521,Zalaszegvár,8476,8
3522,Zalaszentbalázs,8772,15
3523,Zalaszentgrót,8795,15
3524,Zalaszentgrót,8793,15
3525,Zalaszentgrót,8785,15
3526,Zalaszentgrót,8789,15
3527,Zalaszentgrót,8790,15
3528,Zalaszentgyörgy,8994,15
3529,Zalaszentiván,8921,15
3530,Zalaszentjakab,8827,15
3531,Zalaszentlászló,8788,15
3532,Zalaszentlőrinc,8921,15
3533,Zalaszentmárton,8764,15
3534,Zalaszentmihály,8936,15
3535,Zalaszombatfa,8969,15
3536,Zaláta,7839,3
3537,Zalatárnok,8947,15
3538,Zalaújlak,8822,15
3539,Zalavár,8392,15
3540,Zalavég,8792,15
3541,Zalkod,3957,5
3542,Zamárdi,8621,11
3543,Zámoly,8081,1
3544,Zánka,8251,8
3545,Zaránk,3296,4
3546,Závod,7182,18
3547,Zebecke,8957,15
3548,Zebegény,2627,7
3549,Zemplénagárd,3977,5
3550,Zengővárkony,7720,3
3551,Zichyújfalu,8112,1
3552,Zics,8672,11
3553,Ziliz,3794,5
3554,Zimány,7471,11
3555,Zirc,8420,8
3556,Zók,7671,3
3557,Zomba,7173,18
3558,Zsadány,5537,16
3559,Zsáka,4142,17
3560,Zsámbék,2072,7
3561,Zsámbok,2116,7
3562,Zsana,6411,12
3563,Zsarolyán,4961,13
3564,Zsebeháza,9346,6
3565,Zsédeny,9635,10
3566,Zselickisfalud,7477,11
3567,Zselickislak,7400,11
3568,Zselicszentpál,7474,11
3569,Zsennye,9766,10
3570,Zsira,9476,6
3571,Zsombó,6792,14
3572,Zsujta,3897,5
3573,Zsurk,4627,13
3574,Zubogy,3723,5
